ID,Machi,Community,Sex.1male,adol.less20,mat.20to50,old.over50,School.mest,ExEmpMest,ExComMest,Question,Response
263,0,A,1,0,0,1,1,1,1,1,1
263,0,A,1,0,0,1,1,1,1,5,1
263,0,A,1,0,0,1,1,1,1,6,1
263,0,A,1,0,0,1,1,1,1,10,0
263,0,A,1,0,0,1,1,1,1,11,0
263,0,A,1,0,0,1,1,1,1,12,0
263,0,A,1,0,0,1,1,1,1,17,1
263,0,A,1,0,0,1,1,1,1,19,0
263,0,A,1,0,0,1,1,1,1,20,0
263,0,A,1,0,0,1,1,1,1,21,1
263,0,A,1,0,0,1,1,1,1,22,1
263,0,A,1,0,0,1,1,1,1,24,0
263,0,A,1,0,0,1,1,1,1,29,1
263,0,A,1,0,0,1,1,1,1,30,1
283,0,A,1,0,1,0,1,1,1,1,0
283,0,A,1,0,1,0,1,1,1,5,1
283,0,A,1,0,1,0,1,1,1,6,1
283,0,A,1,0,1,0,1,1,1,10,1
283,0,A,1,0,1,0,1,1,1,11,0
283,0,A,1,0,1,0,1,1,1,12,0
283,0,A,1,0,1,0,1,1,1,17,1
283,0,A,1,0,1,0,1,1,1,19,1
283,0,A,1,0,1,0,1,1,1,20,0
283,0,A,1,0,1,0,1,1,1,21,1
283,0,A,1,0,1,0,1,1,1,22,0
283,0,A,1,0,1,0,1,1,1,29,1
283,0,A,1,0,1,0,1,1,1,30,1
284,0,A,1,0,1,0,1,1,1,1,1
284,0,A,1,0,1,0,1,1,1,5,1
284,0,A,1,0,1,0,1,1,1,6,1
284,0,A,1,0,1,0,1,1,1,10,1
284,0,A,1,0,1,0,1,1,1,11,0
284,0,A,1,0,1,0,1,1,1,12,0
284,0,A,1,0,1,0,1,1,1,17,0
284,0,A,1,0,1,0,1,1,1,19,1
284,0,A,1,0,1,0,1,1,1,20,0
284,0,A,1,0,1,0,1,1,1,21,1
284,0,A,1,0,1,0,1,1,1,22,1
284,0,A,1,0,1,0,1,1,1,24,0
284,0,A,1,0,1,0,1,1,1,29,1
284,0,A,1,0,1,0,1,1,1,30,1
285,0,A,1,0,1,0,1,1,1,1,0
285,0,A,1,0,1,0,1,1,1,5,1
285,0,A,1,0,1,0,1,1,1,6,1
285,0,A,1,0,1,0,1,1,1,10,0
285,0,A,1,0,1,0,1,1,1,11,0
285,0,A,1,0,1,0,1,1,1,12,0
285,0,A,1,0,1,0,1,1,1,17,1
285,0,A,1,0,1,0,1,1,1,19,1
285,0,A,1,0,1,0,1,1,1,20,0
285,0,A,1,0,1,0,1,1,1,21,1
285,0,A,1,0,1,0,1,1,1,22,1
285,0,A,1,0,1,0,1,1,1,24,0
285,0,A,1,0,1,0,1,1,1,29,1
285,0,A,1,0,1,0,1,1,1,30,1
265,0,A,0,0,0,1,1,1,1,1,1
265,0,A,0,0,0,1,1,1,1,5,1
265,0,A,0,0,0,1,1,1,1,6,1
265,0,A,0,0,0,1,1,1,1,10,1
265,0,A,0,0,0,1,1,1,1,11,0
265,0,A,0,0,0,1,1,1,1,12,0
265,0,A,0,0,0,1,1,1,1,17,1
265,0,A,0,0,0,1,1,1,1,19,0
265,0,A,0,0,0,1,1,1,1,20,0
265,0,A,0,0,0,1,1,1,1,21,0
265,0,A,0,0,0,1,1,1,1,22,0
265,0,A,0,0,0,1,1,1,1,24,0
265,0,A,0,0,0,1,1,1,1,29,1
265,0,A,0,0,0,1,1,1,1,30,1
286,0,A,1,0,1,0,1,1,1,1,1
286,0,A,1,0,1,0,1,1,1,5,1
286,0,A,1,0,1,0,1,1,1,6,1
286,0,A,1,0,1,0,1,1,1,10,1
286,0,A,1,0,1,0,1,1,1,11,0
286,0,A,1,0,1,0,1,1,1,12,0
286,0,A,1,0,1,0,1,1,1,17,1
286,0,A,1,0,1,0,1,1,1,19,1
286,0,A,1,0,1,0,1,1,1,20,0
286,0,A,1,0,1,0,1,1,1,21,1
286,0,A,1,0,1,0,1,1,1,22,1
286,0,A,1,0,1,0,1,1,1,24,0
286,0,A,1,0,1,0,1,1,1,29,1
286,0,A,1,0,1,0,1,1,1,30,1
266,0,A,0,0,1,0,1,1,1,1,0
266,0,A,0,0,1,0,1,1,1,5,1
266,0,A,0,0,1,0,1,1,1,6,1
266,0,A,0,0,1,0,1,1,1,10,1
266,0,A,0,0,1,0,1,1,1,11,0
266,0,A,0,0,1,0,1,1,1,12,0
266,0,A,0,0,1,0,1,1,1,17,1
266,0,A,0,0,1,0,1,1,1,19,0
266,0,A,0,0,1,0,1,1,1,21,1
266,0,A,0,0,1,0,1,1,1,22,1
266,0,A,0,0,1,0,1,1,1,24,0
266,0,A,0,0,1,0,1,1,1,29,1
266,0,A,0,0,1,0,1,1,1,30,1
296,0,A,1,0,0,1,1,1,1,1,1
296,0,A,1,0,0,1,1,1,1,5,1
296,0,A,1,0,0,1,1,1,1,6,1
296,0,A,1,0,0,1,1,1,1,10,1
296,0,A,1,0,0,1,1,1,1,11,0
296,0,A,1,0,0,1,1,1,1,12,1
296,0,A,1,0,0,1,1,1,1,17,1
296,0,A,1,0,0,1,1,1,1,19,0
296,0,A,1,0,0,1,1,1,1,20,0
296,0,A,1,0,0,1,1,1,1,21,0
296,0,A,1,0,0,1,1,1,1,22,1
296,0,A,1,0,0,1,1,1,1,24,0
296,0,A,1,0,0,1,1,1,1,29,1
296,0,A,1,0,0,1,1,1,1,30,1
264,0,A,0,0,1,0,1,1,1,1,0
264,0,A,0,0,1,0,1,1,1,5,0
264,0,A,0,0,1,0,1,1,1,6,1
264,0,A,0,0,1,0,1,1,1,11,1
264,0,A,0,0,1,0,1,1,1,12,0
264,0,A,0,0,1,0,1,1,1,17,0
264,0,A,0,0,1,0,1,1,1,19,1
264,0,A,0,0,1,0,1,1,1,20,0
264,0,A,0,0,1,0,1,1,1,21,1
264,0,A,0,0,1,0,1,1,1,22,1
264,0,A,0,0,1,0,1,1,1,24,0
264,0,A,0,0,1,0,1,1,1,29,1
264,0,A,0,0,1,0,1,1,1,30,1
267,0,A,0,0,1,0,1,1,1,1,0
267,0,A,0,0,1,0,1,1,1,5,0
267,0,A,0,0,1,0,1,1,1,6,1
267,0,A,0,0,1,0,1,1,1,11,1
267,0,A,0,0,1,0,1,1,1,12,1
267,0,A,0,0,1,0,1,1,1,17,1
267,0,A,0,0,1,0,1,1,1,19,1
267,0,A,0,0,1,0,1,1,1,20,0
267,0,A,0,0,1,0,1,1,1,21,1
267,0,A,0,0,1,0,1,1,1,29,1
267,0,A,0,0,1,0,1,1,1,30,1
288,0,A,0,0,1,0,1,1,1,1,1
288,0,A,0,0,1,0,1,1,1,5,1
288,0,A,0,0,1,0,1,1,1,6,0
288,0,A,0,0,1,0,1,1,1,10,1
288,0,A,0,0,1,0,1,1,1,11,0
288,0,A,0,0,1,0,1,1,1,12,1
288,0,A,0,0,1,0,1,1,1,17,1
288,0,A,0,0,1,0,1,1,1,19,1
288,0,A,0,0,1,0,1,1,1,21,1
288,0,A,0,0,1,0,1,1,1,22,1
288,0,A,0,0,1,0,1,1,1,29,1
288,0,A,0,0,1,0,1,1,1,30,1
289,0,A,1,0,1,0,1,1,1,1,1
289,0,A,1,0,1,0,1,1,1,6,1
289,0,A,1,0,1,0,1,1,1,10,0
289,0,A,1,0,1,0,1,1,1,11,1
289,0,A,1,0,1,0,1,1,1,12,1
289,0,A,1,0,1,0,1,1,1,17,1
289,0,A,1,0,1,0,1,1,1,19,0
289,0,A,1,0,1,0,1,1,1,20,0
289,0,A,1,0,1,0,1,1,1,21,1
289,0,A,1,0,1,0,1,1,1,22,0
289,0,A,1,0,1,0,1,1,1,24,0
289,0,A,1,0,1,0,1,1,1,29,1
289,0,A,1,0,1,0,1,1,1,30,1
273,0,A,0,0,1,0,1,1,1,1,1
273,0,A,0,0,1,0,1,1,1,5,1
273,0,A,0,0,1,0,1,1,1,6,0
273,0,A,0,0,1,0,1,1,1,10,0
273,0,A,0,0,1,0,1,1,1,11,0
273,0,A,0,0,1,0,1,1,1,12,0
273,0,A,0,0,1,0,1,1,1,17,1
273,0,A,0,0,1,0,1,1,1,19,0
273,0,A,0,0,1,0,1,1,1,20,0
273,0,A,0,0,1,0,1,1,1,21,1
273,0,A,0,0,1,0,1,1,1,22,1
273,0,A,0,0,1,0,1,1,1,24,0
273,0,A,0,0,1,0,1,1,1,29,1
273,0,A,0,0,1,0,1,1,1,30,1
290,0,A,1,1,0,0,1,1,1,1,0
290,0,A,1,1,0,0,1,1,1,5,1
290,0,A,1,1,0,0,1,1,1,6,1
290,0,A,1,1,0,0,1,1,1,10,0
290,0,A,1,1,0,0,1,1,1,11,0
290,0,A,1,1,0,0,1,1,1,12,0
290,0,A,1,1,0,0,1,1,1,17,0
290,0,A,1,1,0,0,1,1,1,21,1
290,0,A,1,1,0,0,1,1,1,22,0
290,0,A,1,1,0,0,1,1,1,24,0
290,0,A,1,1,0,0,1,1,1,29,1
290,0,A,1,1,0,0,1,1,1,30,1
291,0,A,0,0,1,0,1,1,1,1,1
291,0,A,0,0,1,0,1,1,1,5,1
291,0,A,0,0,1,0,1,1,1,6,1
291,0,A,0,0,1,0,1,1,1,10,0
291,0,A,0,0,1,0,1,1,1,11,0
291,0,A,0,0,1,0,1,1,1,12,1
291,0,A,0,0,1,0,1,1,1,17,1
291,0,A,0,0,1,0,1,1,1,19,1
291,0,A,0,0,1,0,1,1,1,20,1
291,0,A,0,0,1,0,1,1,1,21,1
291,0,A,0,0,1,0,1,1,1,22,1
291,0,A,0,0,1,0,1,1,1,24,0
291,0,A,0,0,1,0,1,1,1,29,1
291,0,A,0,0,1,0,1,1,1,30,1
268,0,A,0,0,1,0,1,1,1,1,0
268,0,A,0,0,1,0,1,1,1,5,1
268,0,A,0,0,1,0,1,1,1,6,1
268,0,A,0,0,1,0,1,1,1,11,0
268,0,A,0,0,1,0,1,1,1,12,0
268,0,A,0,0,1,0,1,1,1,17,1
268,0,A,0,0,1,0,1,1,1,19,1
268,0,A,0,0,1,0,1,1,1,20,0
268,0,A,0,0,1,0,1,1,1,24,0
268,0,A,0,0,1,0,1,1,1,29,1
268,0,A,0,0,1,0,1,1,1,30,1
269,0,A,0,0,1,0,1,1,1,1,1
269,0,A,0,0,1,0,1,1,1,5,0
269,0,A,0,0,1,0,1,1,1,6,1
269,0,A,0,0,1,0,1,1,1,10,0
269,0,A,0,0,1,0,1,1,1,11,0
269,0,A,0,0,1,0,1,1,1,12,0
269,0,A,0,0,1,0,1,1,1,17,1
269,0,A,0,0,1,0,1,1,1,19,1
269,0,A,0,0,1,0,1,1,1,20,0
269,0,A,0,0,1,0,1,1,1,21,1
269,0,A,0,0,1,0,1,1,1,22,0
269,0,A,0,0,1,0,1,1,1,24,0
269,0,A,0,0,1,0,1,1,1,29,1
269,0,A,0,0,1,0,1,1,1,30,1
295,0,A,0,0,1,0,1,1,1,1,0
295,0,A,0,0,1,0,1,1,1,5,0
295,0,A,0,0,1,0,1,1,1,6,0
295,0,A,0,0,1,0,1,1,1,10,1
295,0,A,0,0,1,0,1,1,1,11,0
295,0,A,0,0,1,0,1,1,1,12,0
295,0,A,0,0,1,0,1,1,1,17,1
295,0,A,0,0,1,0,1,1,1,21,1
295,0,A,0,0,1,0,1,1,1,22,0
295,0,A,0,0,1,0,1,1,1,29,1
295,0,A,0,0,1,0,1,1,1,30,1
293,0,A,1,0,1,0,1,1,1,1,1
293,0,A,1,0,1,0,1,1,1,5,1
293,0,A,1,0,1,0,1,1,1,6,1
293,0,A,1,0,1,0,1,1,1,10,0
293,0,A,1,0,1,0,1,1,1,11,0
293,0,A,1,0,1,0,1,1,1,12,1
293,0,A,1,0,1,0,1,1,1,17,0
293,0,A,1,0,1,0,1,1,1,19,0
293,0,A,1,0,1,0,1,1,1,20,0
293,0,A,1,0,1,0,1,1,1,21,0
293,0,A,1,0,1,0,1,1,1,22,0
293,0,A,1,0,1,0,1,1,1,29,1
293,0,A,1,0,1,0,1,1,1,30,1
270,0,A,1,0,1,0,1,1,1,1,0
270,0,A,1,0,1,0,1,1,1,5,1
270,0,A,1,0,1,0,1,1,1,6,1
270,0,A,1,0,1,0,1,1,1,10,1
270,0,A,1,0,1,0,1,1,1,11,1
270,0,A,1,0,1,0,1,1,1,12,0
270,0,A,1,0,1,0,1,1,1,17,0
270,0,A,1,0,1,0,1,1,1,19,0
270,0,A,1,0,1,0,1,1,1,20,0
270,0,A,1,0,1,0,1,1,1,21,1
270,0,A,1,0,1,0,1,1,1,22,0
270,0,A,1,0,1,0,1,1,1,29,1
270,0,A,1,0,1,0,1,1,1,30,1
271,0,A,0,0,1,0,1,1,1,1,0
271,0,A,0,0,1,0,1,1,1,5,0
271,0,A,0,0,1,0,1,1,1,6,1
271,0,A,0,0,1,0,1,1,1,10,0
271,0,A,0,0,1,0,1,1,1,11,0
271,0,A,0,0,1,0,1,1,1,12,0
271,0,A,0,0,1,0,1,1,1,17,0
271,0,A,0,0,1,0,1,1,1,19,1
271,0,A,0,0,1,0,1,1,1,20,1
271,0,A,0,0,1,0,1,1,1,21,1
271,0,A,0,0,1,0,1,1,1,22,1
271,0,A,0,0,1,0,1,1,1,24,0
271,0,A,0,0,1,0,1,1,1,29,1
271,0,A,0,0,1,0,1,1,1,30,1
272,0,A,0,0,1,0,1,1,1,1,1
272,0,A,0,0,1,0,1,1,1,5,0
272,0,A,0,0,1,0,1,1,1,6,1
272,0,A,0,0,1,0,1,1,1,11,0
272,0,A,0,0,1,0,1,1,1,12,0
272,0,A,0,0,1,0,1,1,1,17,0
272,0,A,0,0,1,0,1,1,1,19,1
272,0,A,0,0,1,0,1,1,1,20,0
272,0,A,0,0,1,0,1,1,1,21,0
272,0,A,0,0,1,0,1,1,1,22,1
272,0,A,0,0,1,0,1,1,1,24,0
272,0,A,0,0,1,0,1,1,1,29,1
272,0,A,0,0,1,0,1,1,1,30,1
292,0,A,1,0,1,0,1,1,1,1,0
292,0,A,1,0,1,0,1,1,1,6,1
292,0,A,1,0,1,0,1,1,1,11,0
292,0,A,1,0,1,0,1,1,1,12,0
292,0,A,1,0,1,0,1,1,1,17,0
292,0,A,1,0,1,0,1,1,1,21,1
292,0,A,1,0,1,0,1,1,1,22,1
292,0,A,1,0,1,0,1,1,1,29,1
292,0,A,1,0,1,0,1,1,1,30,1
294,0,A,1,0,1,0,1,1,1,1,1
294,0,A,1,0,1,0,1,1,1,5,0
294,0,A,1,0,1,0,1,1,1,6,1
294,0,A,1,0,1,0,1,1,1,10,0
294,0,A,1,0,1,0,1,1,1,11,0
294,0,A,1,0,1,0,1,1,1,12,0
294,0,A,1,0,1,0,1,1,1,17,0
294,0,A,1,0,1,0,1,1,1,21,0
294,0,A,1,0,1,0,1,1,1,22,1
294,0,A,1,0,1,0,1,1,1,29,0
294,0,A,1,0,1,0,1,1,1,30,1
274,0,A,1,0,1,0,1,1,1,1,0
274,0,A,1,0,1,0,1,1,1,6,1
274,0,A,1,0,1,0,1,1,1,11,1
274,0,A,1,0,1,0,1,1,1,12,0
274,0,A,1,0,1,0,1,1,1,17,1
274,0,A,1,0,1,0,1,1,1,19,1
274,0,A,1,0,1,0,1,1,1,20,0
274,0,A,1,0,1,0,1,1,1,21,1
274,0,A,1,0,1,0,1,1,1,22,1
274,0,A,1,0,1,0,1,1,1,24,0
274,0,A,1,0,1,0,1,1,1,29,1
274,0,A,1,0,1,0,1,1,1,30,1
275,0,A,1,0,1,0,1,1,1,1,1
275,0,A,1,0,1,0,1,1,1,5,1
275,0,A,1,0,1,0,1,1,1,6,0
275,0,A,1,0,1,0,1,1,1,10,0
275,0,A,1,0,1,0,1,1,1,11,0
275,0,A,1,0,1,0,1,1,1,12,0
275,0,A,1,0,1,0,1,1,1,17,0
275,0,A,1,0,1,0,1,1,1,19,1
275,0,A,1,0,1,0,1,1,1,20,0
275,0,A,1,0,1,0,1,1,1,21,1
275,0,A,1,0,1,0,1,1,1,22,1
275,0,A,1,0,1,0,1,1,1,24,0
275,0,A,1,0,1,0,1,1,1,29,1
275,0,A,1,0,1,0,1,1,1,30,1
276,0,A,0,0,1,0,1,1,1,1,1
276,0,A,0,0,1,0,1,1,1,5,1
276,0,A,0,0,1,0,1,1,1,6,1
276,0,A,0,0,1,0,1,1,1,10,1
276,0,A,0,0,1,0,1,1,1,11,1
276,0,A,0,0,1,0,1,1,1,12,0
276,0,A,0,0,1,0,1,1,1,17,1
276,0,A,0,0,1,0,1,1,1,19,1
276,0,A,0,0,1,0,1,1,1,20,0
276,0,A,0,0,1,0,1,1,1,22,0
276,0,A,0,0,1,0,1,1,1,24,0
276,0,A,0,0,1,0,1,1,1,29,1
276,0,A,0,0,1,0,1,1,1,30,1
277,0,A,1,0,0,1,1,1,1,1,0
277,0,A,1,0,0,1,1,1,1,5,1
277,0,A,1,0,0,1,1,1,1,6,1
277,0,A,1,0,0,1,1,1,1,10,0
277,0,A,1,0,0,1,1,1,1,11,0
277,0,A,1,0,0,1,1,1,1,12,0
277,0,A,1,0,0,1,1,1,1,17,1
277,0,A,1,0,0,1,1,1,1,21,1
277,0,A,1,0,0,1,1,1,1,22,1
277,0,A,1,0,0,1,1,1,1,24,0
277,0,A,1,0,0,1,1,1,1,29,1
277,0,A,1,0,0,1,1,1,1,30,1
298,0,A,0,0,1,0,1,1,1,1,1
298,0,A,0,0,1,0,1,1,1,5,0
298,0,A,0,0,1,0,1,1,1,6,1
298,0,A,0,0,1,0,1,1,1,10,0
298,0,A,0,0,1,0,1,1,1,11,0
298,0,A,0,0,1,0,1,1,1,12,1
298,0,A,0,0,1,0,1,1,1,17,1
298,0,A,0,0,1,0,1,1,1,19,1
298,0,A,0,0,1,0,1,1,1,20,0
298,0,A,0,0,1,0,1,1,1,21,1
298,0,A,0,0,1,0,1,1,1,22,0
298,0,A,0,0,1,0,1,1,1,24,0
298,0,A,0,0,1,0,1,1,1,29,1
298,0,A,0,0,1,0,1,1,1,30,1
299,0,A,0,0,1,0,1,1,1,1,1
299,0,A,0,0,1,0,1,1,1,5,0
299,0,A,0,0,1,0,1,1,1,6,0
299,0,A,0,0,1,0,1,1,1,10,0
299,0,A,0,0,1,0,1,1,1,11,0
299,0,A,0,0,1,0,1,1,1,12,0
299,0,A,0,0,1,0,1,1,1,17,1
299,0,A,0,0,1,0,1,1,1,19,1
299,0,A,0,0,1,0,1,1,1,20,0
299,0,A,0,0,1,0,1,1,1,21,0
299,0,A,0,0,1,0,1,1,1,22,1
299,0,A,0,0,1,0,1,1,1,24,0
299,0,A,0,0,1,0,1,1,1,29,1
299,0,A,0,0,1,0,1,1,1,30,1
278,0,A,0,0,1,0,1,1,1,5,1
278,0,A,0,0,1,0,1,1,1,6,1
278,0,A,0,0,1,0,1,1,1,10,1
278,0,A,0,0,1,0,1,1,1,12,0
278,0,A,0,0,1,0,1,1,1,17,1
278,0,A,0,0,1,0,1,1,1,19,0
278,0,A,0,0,1,0,1,1,1,20,0
278,0,A,0,0,1,0,1,1,1,21,1
278,0,A,0,0,1,0,1,1,1,22,1
278,0,A,0,0,1,0,1,1,1,24,0
278,0,A,0,0,1,0,1,1,1,29,1
278,0,A,0,0,1,0,1,1,1,30,1
300,0,A,0,1,0,0,1,1,1,1,0
300,0,A,0,1,0,0,1,1,1,5,1
300,0,A,0,1,0,0,1,1,1,6,0
300,0,A,0,1,0,0,1,1,1,10,0
300,0,A,0,1,0,0,1,1,1,11,0
300,0,A,0,1,0,0,1,1,1,12,0
300,0,A,0,1,0,0,1,1,1,17,0
300,0,A,0,1,0,0,1,1,1,21,1
300,0,A,0,1,0,0,1,1,1,22,1
300,0,A,0,1,0,0,1,1,1,24,0
300,0,A,0,1,0,0,1,1,1,29,1
300,0,A,0,1,0,0,1,1,1,30,1
279,0,A,0,0,0,1,1,1,1,1,1
279,0,A,0,0,0,1,1,1,1,5,1
279,0,A,0,0,0,1,1,1,1,6,1
279,0,A,0,0,0,1,1,1,1,10,1
279,0,A,0,0,0,1,1,1,1,11,0
279,0,A,0,0,0,1,1,1,1,12,0
279,0,A,0,0,0,1,1,1,1,17,1
279,0,A,0,0,0,1,1,1,1,19,0
279,0,A,0,0,0,1,1,1,1,20,0
279,0,A,0,0,0,1,1,1,1,21,0
279,0,A,0,0,0,1,1,1,1,22,1
279,0,A,0,0,0,1,1,1,1,24,0
279,0,A,0,0,0,1,1,1,1,29,1
279,0,A,0,0,0,1,1,1,1,30,1
280,0,A,1,0,0,1,1,1,1,1,1
280,0,A,1,0,0,1,1,1,1,5,1
280,0,A,1,0,0,1,1,1,1,6,0
280,0,A,1,0,0,1,1,1,1,11,0
280,0,A,1,0,0,1,1,1,1,12,0
280,0,A,1,0,0,1,1,1,1,17,1
280,0,A,1,0,0,1,1,1,1,19,1
280,0,A,1,0,0,1,1,1,1,20,0
280,0,A,1,0,0,1,1,1,1,21,0
280,0,A,1,0,0,1,1,1,1,22,1
280,0,A,1,0,0,1,1,1,1,24,0
280,0,A,1,0,0,1,1,1,1,29,1
280,0,A,1,0,0,1,1,1,1,30,1
301,0,A,0,0,1,0,1,1,1,1,0
301,0,A,0,0,1,0,1,1,1,5,0
301,0,A,0,0,1,0,1,1,1,6,1
301,0,A,0,0,1,0,1,1,1,10,0
301,0,A,0,0,1,0,1,1,1,11,0
301,0,A,0,0,1,0,1,1,1,12,0
301,0,A,0,0,1,0,1,1,1,17,1
301,0,A,0,0,1,0,1,1,1,19,1
301,0,A,0,0,1,0,1,1,1,20,0
301,0,A,0,0,1,0,1,1,1,21,0
301,0,A,0,0,1,0,1,1,1,22,1
301,0,A,0,0,1,0,1,1,1,24,0
301,0,A,0,0,1,0,1,1,1,29,1
301,0,A,0,0,1,0,1,1,1,30,1
287,0,A,1,0,1,0,1,1,1,1,1
287,0,A,1,0,1,0,1,1,1,5,0
287,0,A,1,0,1,0,1,1,1,11,0
287,0,A,1,0,1,0,1,1,1,12,0
287,0,A,1,0,1,0,1,1,1,17,0
287,0,A,1,0,1,0,1,1,1,21,1
287,0,A,1,0,1,0,1,1,1,22,0
287,0,A,1,0,1,0,1,1,1,24,0
287,0,A,1,0,1,0,1,1,1,29,1
287,0,A,1,0,1,0,1,1,1,30,1
281,0,A,1,0,0,1,1,1,1,1,0
281,0,A,1,0,0,1,1,1,1,5,1
281,0,A,1,0,0,1,1,1,1,6,1
281,0,A,1,0,0,1,1,1,1,10,0
281,0,A,1,0,0,1,1,1,1,11,1
281,0,A,1,0,0,1,1,1,1,12,0
281,0,A,1,0,0,1,1,1,1,17,1
281,0,A,1,0,0,1,1,1,1,21,1
281,0,A,1,0,0,1,1,1,1,22,0
281,0,A,1,0,0,1,1,1,1,30,1
302,0,A,1,0,1,0,1,1,1,1,1
302,0,A,1,0,1,0,1,1,1,6,1
302,0,A,1,0,1,0,1,1,1,10,0
302,0,A,1,0,1,0,1,1,1,11,0
302,0,A,1,0,1,0,1,1,1,12,0
302,0,A,1,0,1,0,1,1,1,17,0
302,0,A,1,0,1,0,1,1,1,21,0
302,0,A,1,0,1,0,1,1,1,22,0
302,0,A,1,0,1,0,1,1,1,29,1
302,0,A,1,0,1,0,1,1,1,30,1
303,0,A,0,0,1,0,1,1,1,1,1
303,0,A,0,0,1,0,1,1,1,5,1
303,0,A,0,0,1,0,1,1,1,6,1
303,0,A,0,0,1,0,1,1,1,10,0
303,0,A,0,0,1,0,1,1,1,11,1
303,0,A,0,0,1,0,1,1,1,12,1
303,0,A,0,0,1,0,1,1,1,17,0
303,0,A,0,0,1,0,1,1,1,19,1
303,0,A,0,0,1,0,1,1,1,20,1
303,0,A,0,0,1,0,1,1,1,21,1
303,0,A,0,0,1,0,1,1,1,22,0
303,0,A,0,0,1,0,1,1,1,24,0
303,0,A,0,0,1,0,1,1,1,29,0
303,0,A,0,0,1,0,1,1,1,30,1
282,0,A,0,0,1,0,1,1,1,5,0
282,0,A,0,0,1,0,1,1,1,6,1
282,0,A,0,0,1,0,1,1,1,10,0
282,0,A,0,0,1,0,1,1,1,11,0
282,0,A,0,0,1,0,1,1,1,12,0
282,0,A,0,0,1,0,1,1,1,17,1
282,0,A,0,0,1,0,1,1,1,19,1
282,0,A,0,0,1,0,1,1,1,20,0
282,0,A,0,0,1,0,1,1,1,21,0
282,0,A,0,0,1,0,1,1,1,22,0
282,0,A,0,0,1,0,1,1,1,24,0
282,0,A,0,0,1,0,1,1,1,29,1
282,0,A,0,0,1,0,1,1,1,30,1
195,0,B,0,0,1,0,1,1,1,1,0
195,0,B,0,0,1,0,1,1,1,5,1
195,0,B,0,0,1,0,1,1,1,6,1
195,0,B,0,0,1,0,1,1,1,10,1
195,0,B,0,0,1,0,1,1,1,11,1
195,0,B,0,0,1,0,1,1,1,12,0
195,0,B,0,0,1,0,1,1,1,17,1
195,0,B,0,0,1,0,1,1,1,19,1
195,0,B,0,0,1,0,1,1,1,21,1
195,0,B,0,0,1,0,1,1,1,22,0
195,0,B,0,0,1,0,1,1,1,29,0
195,0,B,0,0,1,0,1,1,1,30,1
182,0,B,1,0,0,1,1,1,1,1,1
182,0,B,1,0,0,1,1,1,1,5,1
182,0,B,1,0,0,1,1,1,1,6,1
182,0,B,1,0,0,1,1,1,1,10,1
182,0,B,1,0,0,1,1,1,1,11,0
182,0,B,1,0,0,1,1,1,1,12,1
182,0,B,1,0,0,1,1,1,1,17,1
182,0,B,1,0,0,1,1,1,1,19,1
182,0,B,1,0,0,1,1,1,1,21,1
182,0,B,1,0,0,1,1,1,1,22,1
182,0,B,1,0,0,1,1,1,1,29,1
182,0,B,1,0,0,1,1,1,1,30,1
247,0,B,1,0,0,1,1,1,1,1,0
247,0,B,1,0,0,1,1,1,1,5,1
247,0,B,1,0,0,1,1,1,1,6,0
247,0,B,1,0,0,1,1,1,1,10,0
247,0,B,1,0,0,1,1,1,1,11,1
247,0,B,1,0,0,1,1,1,1,12,0
247,0,B,1,0,0,1,1,1,1,17,0
247,0,B,1,0,0,1,1,1,1,19,1
247,0,B,1,0,0,1,1,1,1,21,1
247,0,B,1,0,0,1,1,1,1,22,1
247,0,B,1,0,0,1,1,1,1,29,1
247,0,B,1,0,0,1,1,1,1,30,1
228,0,B,0,0,0,1,1,1,1,1,0
228,0,B,0,0,0,1,1,1,1,5,1
228,0,B,0,0,0,1,1,1,1,6,1
228,0,B,0,0,0,1,1,1,1,10,1
228,0,B,0,0,0,1,1,1,1,11,0
228,0,B,0,0,0,1,1,1,1,12,0
228,0,B,0,0,0,1,1,1,1,17,1
228,0,B,0,0,0,1,1,1,1,21,1
228,0,B,0,0,0,1,1,1,1,22,1
228,0,B,0,0,0,1,1,1,1,29,1
228,0,B,0,0,0,1,1,1,1,30,1
248,0,B,1,0,1,0,1,1,1,1,0
248,0,B,1,0,1,0,1,1,1,5,1
248,0,B,1,0,1,0,1,1,1,6,1
248,0,B,1,0,1,0,1,1,1,10,0
248,0,B,1,0,1,0,1,1,1,11,0
248,0,B,1,0,1,0,1,1,1,12,0
248,0,B,1,0,1,0,1,1,1,17,1
248,0,B,1,0,1,0,1,1,1,19,1
248,0,B,1,0,1,0,1,1,1,21,0
248,0,B,1,0,1,0,1,1,1,22,0
248,0,B,1,0,1,0,1,1,1,29,1
248,0,B,1,0,1,0,1,1,1,30,1
205,0,B,0,0,1,0,1,1,1,1,0
205,0,B,0,0,1,0,1,1,1,5,1
205,0,B,0,0,1,0,1,1,1,6,1
205,0,B,0,0,1,0,1,1,1,10,1
205,0,B,0,0,1,0,1,1,1,11,0
205,0,B,0,0,1,0,1,1,1,12,0
205,0,B,0,0,1,0,1,1,1,17,1
205,0,B,0,0,1,0,1,1,1,21,1
205,0,B,0,0,1,0,1,1,1,22,0
205,0,B,0,0,1,0,1,1,1,29,1
205,0,B,0,0,1,0,1,1,1,30,1
177,0,B,0,0,1,0,1,1,1,1,1
177,0,B,0,0,1,0,1,1,1,5,1
177,0,B,0,0,1,0,1,1,1,6,1
177,0,B,0,0,1,0,1,1,1,10,0
177,0,B,0,0,1,0,1,1,1,11,0
177,0,B,0,0,1,0,1,1,1,12,0
177,0,B,0,0,1,0,1,1,1,17,1
177,0,B,0,0,1,0,1,1,1,19,1
177,0,B,0,0,1,0,1,1,1,21,1
177,0,B,0,0,1,0,1,1,1,22,0
177,0,B,0,0,1,0,1,1,1,29,1
177,0,B,0,0,1,0,1,1,1,30,1
229,0,B,0,0,1,0,1,1,1,1,1
229,0,B,0,0,1,0,1,1,1,5,1
229,0,B,0,0,1,0,1,1,1,6,1
229,0,B,0,0,1,0,1,1,1,10,1
229,0,B,0,0,1,0,1,1,1,11,0
229,0,B,0,0,1,0,1,1,1,12,1
229,0,B,0,0,1,0,1,1,1,17,0
229,0,B,0,0,1,0,1,1,1,19,1
229,0,B,0,0,1,0,1,1,1,21,0
229,0,B,0,0,1,0,1,1,1,22,1
229,0,B,0,0,1,0,1,1,1,29,1
229,0,B,0,0,1,0,1,1,1,30,1
249,0,B,0,0,1,0,1,1,1,1,1
249,0,B,0,0,1,0,1,1,1,5,0
249,0,B,0,0,1,0,1,1,1,6,1
249,0,B,0,0,1,0,1,1,1,10,0
249,0,B,0,0,1,0,1,1,1,11,0
249,0,B,0,0,1,0,1,1,1,17,0
249,0,B,0,0,1,0,1,1,1,19,0
249,0,B,0,0,1,0,1,1,1,29,1
197,0,B,0,0,1,0,1,1,1,1,1
197,0,B,0,0,1,0,1,1,1,5,0
197,0,B,0,0,1,0,1,1,1,6,1
197,0,B,0,0,1,0,1,1,1,10,0
197,0,B,0,0,1,0,1,1,1,11,0
197,0,B,0,0,1,0,1,1,1,12,0
197,0,B,0,0,1,0,1,1,1,17,1
197,0,B,0,0,1,0,1,1,1,19,1
197,0,B,0,0,1,0,1,1,1,21,1
197,0,B,0,0,1,0,1,1,1,22,0
197,0,B,0,0,1,0,1,1,1,29,1
197,0,B,0,0,1,0,1,1,1,30,1
178,0,B,1,0,1,0,1,1,1,1,1
178,0,B,1,0,1,0,1,1,1,5,0
178,0,B,1,0,1,0,1,1,1,6,0
178,0,B,1,0,1,0,1,1,1,10,0
178,0,B,1,0,1,0,1,1,1,11,0
178,0,B,1,0,1,0,1,1,1,12,0
178,0,B,1,0,1,0,1,1,1,17,0
178,0,B,1,0,1,0,1,1,1,19,1
178,0,B,1,0,1,0,1,1,1,21,1
178,0,B,1,0,1,0,1,1,1,22,1
178,0,B,1,0,1,0,1,1,1,29,1
178,0,B,1,0,1,0,1,1,1,30,1
246,0,B,1,0,0,1,1,1,1,1,1
246,0,B,1,0,0,1,1,1,1,5,1
246,0,B,1,0,0,1,1,1,1,6,1
246,0,B,1,0,0,1,1,1,1,10,0
246,0,B,1,0,0,1,1,1,1,11,0
246,0,B,1,0,0,1,1,1,1,12,0
246,0,B,1,0,0,1,1,1,1,17,1
246,0,B,1,0,0,1,1,1,1,19,1
246,0,B,1,0,0,1,1,1,1,21,1
246,0,B,1,0,0,1,1,1,1,22,0
246,0,B,1,0,0,1,1,1,1,29,1
246,0,B,1,0,0,1,1,1,1,30,1
250,0,B,1,0,0,1,1,1,1,1,0
250,0,B,1,0,0,1,1,1,1,5,1
250,0,B,1,0,0,1,1,1,1,6,1
250,0,B,1,0,0,1,1,1,1,10,0
250,0,B,1,0,0,1,1,1,1,11,0
250,0,B,1,0,0,1,1,1,1,12,0
250,0,B,1,0,0,1,1,1,1,17,1
250,0,B,1,0,0,1,1,1,1,21,1
250,0,B,1,0,0,1,1,1,1,22,0
250,0,B,1,0,0,1,1,1,1,29,1
250,0,B,1,0,0,1,1,1,1,30,1
233,0,B,1,0,1,0,1,1,1,1,0
233,0,B,1,0,1,0,1,1,1,5,0
233,0,B,1,0,1,0,1,1,1,6,1
233,0,B,1,0,1,0,1,1,1,10,0
233,0,B,1,0,1,0,1,1,1,11,0
233,0,B,1,0,1,0,1,1,1,12,0
233,0,B,1,0,1,0,1,1,1,17,0
233,0,B,1,0,1,0,1,1,1,19,0
233,0,B,1,0,1,0,1,1,1,21,1
233,0,B,1,0,1,0,1,1,1,22,1
233,0,B,1,0,1,0,1,1,1,29,1
233,0,B,1,0,1,0,1,1,1,30,1
216,0,B,1,0,0,1,1,1,1,1,1
216,0,B,1,0,0,1,1,1,1,5,0
216,0,B,1,0,0,1,1,1,1,6,1
216,0,B,1,0,0,1,1,1,1,10,1
216,0,B,1,0,0,1,1,1,1,11,0
216,0,B,1,0,0,1,1,1,1,12,1
216,0,B,1,0,0,1,1,1,1,17,1
216,0,B,1,0,0,1,1,1,1,21,0
216,0,B,1,0,0,1,1,1,1,22,0
216,0,B,1,0,0,1,1,1,1,29,1
216,0,B,1,0,0,1,1,1,1,30,1
238,0,B,1,0,0,1,1,1,1,1,0
238,0,B,1,0,0,1,1,1,1,5,0
238,0,B,1,0,0,1,1,1,1,6,0
238,0,B,1,0,0,1,1,1,1,10,0
238,0,B,1,0,0,1,1,1,1,11,0
238,0,B,1,0,0,1,1,1,1,12,0
238,0,B,1,0,0,1,1,1,1,17,1
238,0,B,1,0,0,1,1,1,1,21,1
238,0,B,1,0,0,1,1,1,1,22,0
238,0,B,1,0,0,1,1,1,1,29,1
238,0,B,1,0,0,1,1,1,1,30,1
217,0,B,1,0,1,0,1,1,1,1,0
217,0,B,1,0,1,0,1,1,1,5,0
217,0,B,1,0,1,0,1,1,1,6,1
217,0,B,1,0,1,0,1,1,1,10,0
217,0,B,1,0,1,0,1,1,1,11,1
217,0,B,1,0,1,0,1,1,1,12,0
217,0,B,1,0,1,0,1,1,1,17,1
217,0,B,1,0,1,0,1,1,1,19,0
217,0,B,1,0,1,0,1,1,1,21,0
217,0,B,1,0,1,0,1,1,1,22,0
217,0,B,1,0,1,0,1,1,1,29,1
217,0,B,1,0,1,0,1,1,1,30,1
256,0,B,1,0,1,0,1,1,1,1,1
256,0,B,1,0,1,0,1,1,1,5,0
256,0,B,1,0,1,0,1,1,1,6,1
256,0,B,1,0,1,0,1,1,1,10,0
256,0,B,1,0,1,0,1,1,1,11,0
256,0,B,1,0,1,0,1,1,1,12,0
256,0,B,1,0,1,0,1,1,1,17,1
256,0,B,1,0,1,0,1,1,1,19,1
256,0,B,1,0,1,0,1,1,1,21,0
256,0,B,1,0,1,0,1,1,1,22,1
256,0,B,1,0,1,0,1,1,1,29,1
256,0,B,1,0,1,0,1,1,1,30,1
234,0,B,1,0,0,1,1,1,1,1,1
234,0,B,1,0,0,1,1,1,1,5,1
234,0,B,1,0,0,1,1,1,1,6,1
234,0,B,1,0,0,1,1,1,1,10,1
234,0,B,1,0,0,1,1,1,1,11,0
234,0,B,1,0,0,1,1,1,1,12,0
234,0,B,1,0,0,1,1,1,1,17,1
234,0,B,1,0,0,1,1,1,1,21,1
234,0,B,1,0,0,1,1,1,1,22,0
234,0,B,1,0,0,1,1,1,1,29,1
234,0,B,1,0,0,1,1,1,1,30,1
251,0,B,1,0,0,1,1,1,1,1,0
251,0,B,1,0,0,1,1,1,1,5,0
251,0,B,1,0,0,1,1,1,1,6,0
251,0,B,1,0,0,1,1,1,1,10,0
251,0,B,1,0,0,1,1,1,1,11,0
251,0,B,1,0,0,1,1,1,1,12,0
251,0,B,1,0,0,1,1,1,1,17,1
251,0,B,1,0,0,1,1,1,1,21,1
251,0,B,1,0,0,1,1,1,1,29,1
251,0,B,1,0,0,1,1,1,1,30,1
202,0,B,0,0,1,0,1,1,1,1,0
202,0,B,0,0,1,0,1,1,1,5,0
202,0,B,0,0,1,0,1,1,1,6,0
202,0,B,0,0,1,0,1,1,1,10,0
202,0,B,0,0,1,0,1,1,1,11,0
202,0,B,0,0,1,0,1,1,1,12,0
202,0,B,0,0,1,0,1,1,1,17,1
202,0,B,0,0,1,0,1,1,1,19,0
202,0,B,0,0,1,0,1,1,1,21,0
202,0,B,0,0,1,0,1,1,1,22,0
202,0,B,0,0,1,0,1,1,1,29,1
202,0,B,0,0,1,0,1,1,1,30,1
253,0,B,1,0,1,0,1,1,1,1,1
253,0,B,1,0,1,0,1,1,1,5,0
253,0,B,1,0,1,0,1,1,1,10,1
253,0,B,1,0,1,0,1,1,1,11,0
253,0,B,1,0,1,0,1,1,1,12,0
253,0,B,1,0,1,0,1,1,1,17,1
253,0,B,1,0,1,0,1,1,1,19,1
253,0,B,1,0,1,0,1,1,1,21,1
253,0,B,1,0,1,0,1,1,1,22,0
253,0,B,1,0,1,0,1,1,1,29,1
253,0,B,1,0,1,0,1,1,1,30,1
240,0,B,0,0,0,1,1,1,1,1,0
240,0,B,0,0,0,1,1,1,1,5,1
240,0,B,0,0,0,1,1,1,1,6,0
240,0,B,0,0,0,1,1,1,1,10,1
240,0,B,0,0,0,1,1,1,1,11,0
240,0,B,0,0,0,1,1,1,1,12,0
240,0,B,0,0,0,1,1,1,1,17,1
240,0,B,0,0,0,1,1,1,1,19,0
240,0,B,0,0,0,1,1,1,1,21,1
240,0,B,0,0,0,1,1,1,1,22,1
240,0,B,0,0,0,1,1,1,1,29,1
240,0,B,0,0,0,1,1,1,1,30,1
254,0,B,0,0,1,0,1,1,1,1,0
254,0,B,0,0,1,0,1,1,1,5,1
254,0,B,0,0,1,0,1,1,1,6,1
254,0,B,0,0,1,0,1,1,1,10,1
254,0,B,0,0,1,0,1,1,1,11,0
254,0,B,0,0,1,0,1,1,1,12,1
254,0,B,0,0,1,0,1,1,1,17,1
254,0,B,0,0,1,0,1,1,1,19,0
254,0,B,0,0,1,0,1,1,1,21,1
254,0,B,0,0,1,0,1,1,1,22,0
254,0,B,0,0,1,0,1,1,1,29,1
254,0,B,0,0,1,0,1,1,1,30,1
236,0,B,1,0,0,1,1,1,1,1,0
236,0,B,1,0,0,1,1,1,1,5,1
236,0,B,1,0,0,1,1,1,1,6,1
236,0,B,1,0,0,1,1,1,1,10,0
236,0,B,1,0,0,1,1,1,1,11,0
236,0,B,1,0,0,1,1,1,1,12,0
236,0,B,1,0,0,1,1,1,1,17,0
236,0,B,1,0,0,1,1,1,1,19,1
236,0,B,1,0,0,1,1,1,1,21,1
236,0,B,1,0,0,1,1,1,1,22,1
236,0,B,1,0,0,1,1,1,1,29,1
236,0,B,1,0,0,1,1,1,1,30,1
183,0,B,0,0,1,0,1,1,1,1,1
183,0,B,0,0,1,0,1,1,1,5,1
183,0,B,0,0,1,0,1,1,1,6,1
183,0,B,0,0,1,0,1,1,1,10,0
183,0,B,0,0,1,0,1,1,1,11,0
183,0,B,0,0,1,0,1,1,1,12,0
183,0,B,0,0,1,0,1,1,1,17,1
183,0,B,0,0,1,0,1,1,1,19,1
183,0,B,0,0,1,0,1,1,1,21,0
183,0,B,0,0,1,0,1,1,1,22,1
183,0,B,0,0,1,0,1,1,1,29,1
183,0,B,0,0,1,0,1,1,1,30,1
176,0,B,0,0,1,0,1,1,1,1,1
176,0,B,0,0,1,0,1,1,1,5,0
176,0,B,0,0,1,0,1,1,1,6,1
176,0,B,0,0,1,0,1,1,1,10,1
176,0,B,0,0,1,0,1,1,1,11,1
176,0,B,0,0,1,0,1,1,1,12,0
176,0,B,0,0,1,0,1,1,1,17,1
176,0,B,0,0,1,0,1,1,1,19,1
176,0,B,0,0,1,0,1,1,1,21,1
176,0,B,0,0,1,0,1,1,1,22,1
176,0,B,0,0,1,0,1,1,1,29,1
176,0,B,0,0,1,0,1,1,1,30,1
255,0,B,0,0,1,0,1,1,1,1,1
255,0,B,0,0,1,0,1,1,1,5,0
255,0,B,0,0,1,0,1,1,1,6,1
255,0,B,0,0,1,0,1,1,1,10,0
255,0,B,0,0,1,0,1,1,1,11,0
255,0,B,0,0,1,0,1,1,1,12,0
255,0,B,0,0,1,0,1,1,1,17,0
255,0,B,0,0,1,0,1,1,1,19,1
255,0,B,0,0,1,0,1,1,1,21,0
255,0,B,0,0,1,0,1,1,1,22,0
255,0,B,0,0,1,0,1,1,1,29,1
255,0,B,0,0,1,0,1,1,1,30,1
198,0,B,1,0,1,0,1,1,1,1,0
198,0,B,1,0,1,0,1,1,1,5,0
198,0,B,1,0,1,0,1,1,1,6,1
198,0,B,1,0,1,0,1,1,1,10,1
198,0,B,1,0,1,0,1,1,1,11,0
198,0,B,1,0,1,0,1,1,1,12,0
198,0,B,1,0,1,0,1,1,1,17,1
198,0,B,1,0,1,0,1,1,1,19,1
198,0,B,1,0,1,0,1,1,1,21,0
198,0,B,1,0,1,0,1,1,1,22,1
198,0,B,1,0,1,0,1,1,1,29,1
198,0,B,1,0,1,0,1,1,1,30,1
225,0,B,1,0,1,0,1,1,1,1,1
225,0,B,1,0,1,0,1,1,1,5,0
225,0,B,1,0,1,0,1,1,1,6,1
225,0,B,1,0,1,0,1,1,1,10,1
225,0,B,1,0,1,0,1,1,1,11,0
225,0,B,1,0,1,0,1,1,1,12,1
225,0,B,1,0,1,0,1,1,1,17,0
225,0,B,1,0,1,0,1,1,1,29,1
257,0,B,1,0,1,0,1,1,1,1,1
257,0,B,1,0,1,0,1,1,1,5,0
257,0,B,1,0,1,0,1,1,1,6,1
257,0,B,1,0,1,0,1,1,1,10,0
257,0,B,1,0,1,0,1,1,1,11,0
257,0,B,1,0,1,0,1,1,1,12,0
257,0,B,1,0,1,0,1,1,1,17,0
257,0,B,1,0,1,0,1,1,1,21,1
257,0,B,1,0,1,0,1,1,1,22,1
257,0,B,1,0,1,0,1,1,1,29,1
257,0,B,1,0,1,0,1,1,1,30,1
258,0,B,0,0,1,0,1,1,1,1,0
258,0,B,0,0,1,0,1,1,1,5,1
258,0,B,0,0,1,0,1,1,1,6,1
258,0,B,0,0,1,0,1,1,1,10,0
258,0,B,0,0,1,0,1,1,1,11,0
258,0,B,0,0,1,0,1,1,1,12,0
258,0,B,0,0,1,0,1,1,1,17,0
258,0,B,0,0,1,0,1,1,1,19,1
258,0,B,0,0,1,0,1,1,1,21,1
258,0,B,0,0,1,0,1,1,1,22,1
258,0,B,0,0,1,0,1,1,1,29,1
258,0,B,0,0,1,0,1,1,1,30,1
180,0,B,1,0,0,1,1,1,1,1,0
180,0,B,1,0,0,1,1,1,1,5,1
180,0,B,1,0,0,1,1,1,1,6,1
180,0,B,1,0,0,1,1,1,1,10,1
180,0,B,1,0,0,1,1,1,1,11,0
180,0,B,1,0,0,1,1,1,1,12,0
180,0,B,1,0,0,1,1,1,1,17,1
180,0,B,1,0,0,1,1,1,1,19,1
180,0,B,1,0,0,1,1,1,1,21,1
180,0,B,1,0,0,1,1,1,1,22,1
180,0,B,1,0,0,1,1,1,1,29,1
180,0,B,1,0,0,1,1,1,1,30,1
260,0,B,0,0,0,1,1,1,1,1,1
260,0,B,0,0,0,1,1,1,1,5,1
260,0,B,0,0,0,1,1,1,1,6,1
260,0,B,0,0,0,1,1,1,1,10,0
260,0,B,0,0,0,1,1,1,1,11,0
260,0,B,0,0,0,1,1,1,1,12,0
260,0,B,0,0,0,1,1,1,1,17,1
260,0,B,0,0,0,1,1,1,1,21,1
260,0,B,0,0,0,1,1,1,1,22,1
260,0,B,0,0,0,1,1,1,1,29,1
260,0,B,0,0,0,1,1,1,1,30,1
181,0,B,0,0,0,1,1,1,1,1,0
181,0,B,0,0,0,1,1,1,1,5,1
181,0,B,0,0,0,1,1,1,1,6,0
181,0,B,0,0,0,1,1,1,1,10,0
181,0,B,0,0,0,1,1,1,1,11,0
181,0,B,0,0,0,1,1,1,1,12,0
181,0,B,0,0,0,1,1,1,1,17,1
181,0,B,0,0,0,1,1,1,1,19,1
181,0,B,0,0,0,1,1,1,1,21,1
181,0,B,0,0,0,1,1,1,1,22,0
181,0,B,0,0,0,1,1,1,1,29,1
181,0,B,0,0,0,1,1,1,1,30,1
179,0,B,1,0,0,1,1,1,1,1,0
179,0,B,1,0,0,1,1,1,1,5,0
179,0,B,1,0,0,1,1,1,1,10,0
179,0,B,1,0,0,1,1,1,1,11,0
179,0,B,1,0,0,1,1,1,1,12,1
179,0,B,1,0,0,1,1,1,1,17,0
179,0,B,1,0,0,1,1,1,1,21,1
179,0,B,1,0,0,1,1,1,1,22,0
179,0,B,1,0,0,1,1,1,1,29,1
179,0,B,1,0,0,1,1,1,1,30,1
259,0,B,1,0,1,0,1,1,1,1,1
259,0,B,1,0,1,0,1,1,1,5,1
259,0,B,1,0,1,0,1,1,1,6,0
259,0,B,1,0,1,0,1,1,1,10,0
259,0,B,1,0,1,0,1,1,1,11,0
259,0,B,1,0,1,0,1,1,1,12,1
259,0,B,1,0,1,0,1,1,1,17,1
259,0,B,1,0,1,0,1,1,1,19,0
259,0,B,1,0,1,0,1,1,1,21,1
259,0,B,1,0,1,0,1,1,1,22,1
259,0,B,1,0,1,0,1,1,1,29,1
259,0,B,1,0,1,0,1,1,1,30,1
206,0,B,1,0,1,0,1,1,1,1,0
206,0,B,1,0,1,0,1,1,1,5,1
206,0,B,1,0,1,0,1,1,1,6,1
206,0,B,1,0,1,0,1,1,1,10,0
206,0,B,1,0,1,0,1,1,1,11,0
206,0,B,1,0,1,0,1,1,1,12,0
206,0,B,1,0,1,0,1,1,1,17,1
206,0,B,1,0,1,0,1,1,1,21,1
206,0,B,1,0,1,0,1,1,1,22,0
206,0,B,1,0,1,0,1,1,1,29,1
206,0,B,1,0,1,0,1,1,1,30,1
261,0,B,1,0,1,0,1,1,1,1,1
261,0,B,1,0,1,0,1,1,1,5,1
261,0,B,1,0,1,0,1,1,1,6,1
261,0,B,1,0,1,0,1,1,1,10,1
261,0,B,1,0,1,0,1,1,1,11,0
261,0,B,1,0,1,0,1,1,1,12,0
261,0,B,1,0,1,0,1,1,1,17,1
261,0,B,1,0,1,0,1,1,1,19,1
261,0,B,1,0,1,0,1,1,1,21,1
261,0,B,1,0,1,0,1,1,1,22,1
261,0,B,1,0,1,0,1,1,1,29,1
261,0,B,1,0,1,0,1,1,1,30,1
262,0,B,0,0,1,0,1,1,1,1,0
262,0,B,0,0,1,0,1,1,1,5,0
262,0,B,0,0,1,0,1,1,1,6,1
262,0,B,0,0,1,0,1,1,1,10,0
262,0,B,0,0,1,0,1,1,1,11,0
262,0,B,0,0,1,0,1,1,1,12,0
262,0,B,0,0,1,0,1,1,1,17,1
262,0,B,0,0,1,0,1,1,1,21,1
262,0,B,0,0,1,0,1,1,1,22,0
262,0,B,0,0,1,0,1,1,1,29,1
262,0,B,0,0,1,0,1,1,1,30,1
241,0,B,0,0,1,0,1,1,1,1,0
241,0,B,0,0,1,0,1,1,1,5,1
241,0,B,0,0,1,0,1,1,1,6,1
241,0,B,0,0,1,0,1,1,1,10,0
241,0,B,0,0,1,0,1,1,1,11,0
241,0,B,0,0,1,0,1,1,1,12,1
241,0,B,0,0,1,0,1,1,1,17,1
241,0,B,0,0,1,0,1,1,1,19,1
241,0,B,0,0,1,0,1,1,1,21,1
241,0,B,0,0,1,0,1,1,1,22,0
241,0,B,0,0,1,0,1,1,1,29,1
241,0,B,0,0,1,0,1,1,1,30,1
243,0,P,0,0,1,0,1,1,1,1,1
243,0,P,0,0,1,0,1,1,1,5,1
243,0,P,0,0,1,0,1,1,1,6,1
243,0,P,0,0,1,0,1,1,1,10,0
243,0,P,0,0,1,0,1,1,1,11,0
243,0,P,0,0,1,0,1,1,1,12,1
243,0,P,0,0,1,0,1,1,1,17,0
243,0,P,0,0,1,0,1,1,1,19,0
243,0,P,0,0,1,0,1,1,1,22,1
243,0,P,0,0,1,0,1,1,1,29,1
243,0,P,0,0,1,0,1,1,1,30,1
297,1,A,1,0,1,0,1,1,1,1,1
297,1,A,1,0,1,0,1,1,1,5,1
297,1,A,1,0,1,0,1,1,1,6,1
297,1,A,1,0,1,0,1,1,1,10,0
297,1,A,1,0,1,0,1,1,1,11,0
297,1,A,1,0,1,0,1,1,1,12,1
297,1,A,1,0,1,0,1,1,1,17,0
297,1,A,1,0,1,0,1,1,1,19,0
297,1,A,1,0,1,0,1,1,1,20,0
297,1,A,1,0,1,0,1,1,1,21,1
297,1,A,1,0,1,0,1,1,1,22,1
297,1,A,1,0,1,0,1,1,1,24,0
297,1,A,1,0,1,0,1,1,1,29,1
297,1,A,1,0,1,0,1,1,1,30,1
304,1,A,0,1,0,0,1,1,1,1,0
304,1,A,0,1,0,0,1,1,1,5,1
304,1,A,0,1,0,0,1,1,1,6,1
304,1,A,0,1,0,0,1,1,1,10,0
304,1,A,0,1,0,0,1,1,1,11,0
304,1,A,0,1,0,0,1,1,1,12,0
304,1,A,0,1,0,0,1,1,1,17,1
304,1,A,0,1,0,0,1,1,1,19,0
304,1,A,0,1,0,0,1,1,1,20,0
304,1,A,0,1,0,0,1,1,1,21,1
304,1,A,0,1,0,0,1,1,1,22,1
304,1,A,0,1,0,0,1,1,1,24,0
304,1,A,0,1,0,0,1,1,1,29,1
304,1,A,0,1,0,0,1,1,1,30,1
227,1,B,1,0,1,0,1,1,1,1,1
227,1,B,1,0,1,0,1,1,1,5,1
227,1,B,1,0,1,0,1,1,1,6,1
227,1,B,1,0,1,0,1,1,1,10,0
227,1,B,1,0,1,0,1,1,1,11,0
227,1,B,1,0,1,0,1,1,1,12,0
227,1,B,1,0,1,0,1,1,1,17,1
227,1,B,1,0,1,0,1,1,1,19,1
227,1,B,1,0,1,0,1,1,1,21,1
227,1,B,1,0,1,0,1,1,1,22,0
227,1,B,1,0,1,0,1,1,1,29,1
227,1,B,1,0,1,0,1,1,1,30,1
189,1,B,0,0,1,0,1,1,1,1,0
189,1,B,0,0,1,0,1,1,1,5,1
189,1,B,0,0,1,0,1,1,1,6,0
189,1,B,0,0,1,0,1,1,1,10,0
189,1,B,0,0,1,0,1,1,1,11,0
189,1,B,0,0,1,0,1,1,1,12,0
189,1,B,0,0,1,0,1,1,1,17,0
189,1,B,0,0,1,0,1,1,1,19,1
189,1,B,0,0,1,0,1,1,1,21,1
189,1,B,0,0,1,0,1,1,1,22,0
189,1,B,0,0,1,0,1,1,1,29,1
189,1,B,0,0,1,0,1,1,1,30,1
252,1,B,0,0,1,0,1,0,0,1,0
252,1,B,0,0,1,0,1,0,0,6,1
252,1,B,0,0,1,0,1,0,0,10,1
252,1,B,0,0,1,0,1,0,0,11,0
252,1,B,0,0,1,0,1,0,0,12,1
252,1,B,0,0,1,0,1,0,0,17,0
252,1,B,0,0,1,0,1,0,0,21,1
252,1,B,0,0,1,0,1,0,0,22,0
252,1,B,0,0,1,0,1,0,0,29,1
252,1,B,0,0,1,0,1,0,0,30,1
196,1,B,0,0,1,0,1,1,1,1,1
196,1,B,0,0,1,0,1,1,1,5,1
196,1,B,0,0,1,0,1,1,1,6,0
196,1,B,0,0,1,0,1,1,1,10,0
196,1,B,0,0,1,0,1,1,1,11,0
196,1,B,0,0,1,0,1,1,1,12,0
196,1,B,0,0,1,0,1,1,1,17,1
196,1,B,0,0,1,0,1,1,1,19,0
196,1,B,0,0,1,0,1,1,1,21,1
196,1,B,0,0,1,0,1,1,1,22,0
196,1,B,0,0,1,0,1,1,1,29,1
196,1,B,0,0,1,0,1,1,1,30,1
38,1,T,1,0,0,1,0,0,1,1,1
38,1,T,1,0,0,1,0,0,1,5,1
38,1,T,1,0,0,1,0,0,1,6,1
38,1,T,1,0,0,1,0,0,1,10,1
38,1,T,1,0,0,1,0,0,1,11,1
38,1,T,1,0,0,1,0,0,1,12,1
38,1,T,1,0,0,1,0,0,1,17,0
38,1,T,1,0,0,1,0,0,1,20,1
38,1,T,1,0,0,1,0,0,1,21,1
38,1,T,1,0,0,1,0,0,1,22,0
38,1,T,1,0,0,1,0,0,1,24,1
38,1,T,1,0,0,1,0,0,1,29,1
38,1,T,1,0,0,1,0,0,1,30,0
27,1,T,0,0,0,1,0,0,0,1,1
27,1,T,0,0,0,1,0,0,0,5,1
27,1,T,0,0,0,1,0,0,0,6,0
27,1,T,0,0,0,1,0,0,0,10,0
27,1,T,0,0,0,1,0,0,0,11,1
27,1,T,0,0,0,1,0,0,0,12,1
27,1,T,0,0,0,1,0,0,0,17,0
27,1,T,0,0,0,1,0,0,0,20,0
27,1,T,0,0,0,1,0,0,0,21,1
27,1,T,0,0,0,1,0,0,0,22,0
27,1,T,0,0,0,1,0,0,0,24,1
27,1,T,0,0,0,1,0,0,0,29,0
27,1,T,0,0,0,1,0,0,0,30,1
78,1,T,1,0,1,0,0,1,1,1,1
78,1,T,1,0,1,0,0,1,1,5,1
78,1,T,1,0,1,0,0,1,1,6,0
78,1,T,1,0,1,0,0,1,1,10,1
78,1,T,1,0,1,0,0,1,1,11,1
78,1,T,1,0,1,0,0,1,1,12,0
78,1,T,1,0,1,0,0,1,1,17,0
78,1,T,1,0,1,0,0,1,1,19,0
78,1,T,1,0,1,0,0,1,1,20,0
78,1,T,1,0,1,0,0,1,1,21,1
78,1,T,1,0,1,0,0,1,1,22,0
78,1,T,1,0,1,0,0,1,1,24,1
78,1,T,1,0,1,0,0,1,1,29,1
78,1,T,1,0,1,0,0,1,1,30,1
4,1,T,1,0,1,0,0,1,1,1,1
4,1,T,1,0,1,0,0,1,1,5,1
4,1,T,1,0,1,0,0,1,1,6,1
4,1,T,1,0,1,0,0,1,1,10,1
4,1,T,1,0,1,0,0,1,1,11,1
4,1,T,1,0,1,0,0,1,1,12,1
4,1,T,1,0,1,0,0,1,1,17,0
4,1,T,1,0,1,0,0,1,1,19,0
4,1,T,1,0,1,0,0,1,1,20,1
4,1,T,1,0,1,0,0,1,1,21,1
4,1,T,1,0,1,0,0,1,1,22,1
4,1,T,1,0,1,0,0,1,1,24,0
4,1,T,1,0,1,0,0,1,1,30,1
72,1,T,1,0,1,0,0,0,1,1,1
72,1,T,1,0,1,0,0,0,1,5,1
72,1,T,1,0,1,0,0,0,1,6,1
72,1,T,1,0,1,0,0,0,1,10,1
72,1,T,1,0,1,0,0,0,1,11,1
72,1,T,1,0,1,0,0,0,1,12,1
72,1,T,1,0,1,0,0,0,1,19,1
72,1,T,1,0,1,0,0,0,1,20,1
72,1,T,1,0,1,0,0,0,1,21,1
72,1,T,1,0,1,0,0,0,1,22,0
72,1,T,1,0,1,0,0,0,1,24,1
72,1,T,1,0,1,0,0,0,1,29,1
72,1,T,1,0,1,0,0,0,1,30,0
73,1,T,1,1,0,0,0,0,1,1,0
73,1,T,1,1,0,0,0,0,1,5,1
73,1,T,1,1,0,0,0,0,1,6,0
73,1,T,1,1,0,0,0,0,1,11,1
73,1,T,1,1,0,0,0,0,1,12,1
73,1,T,1,1,0,0,0,0,1,17,0
73,1,T,1,1,0,0,0,0,1,19,1
73,1,T,1,1,0,0,0,0,1,20,0
73,1,T,1,1,0,0,0,0,1,21,1
73,1,T,1,1,0,0,0,0,1,24,1
73,1,T,1,1,0,0,0,0,1,29,1
73,1,T,1,1,0,0,0,0,1,30,0
166,1,T,0,0,1,0,0,0,1,5,1
166,1,T,0,0,1,0,0,0,1,6,0
166,1,T,0,0,1,0,0,0,1,10,0
166,1,T,0,0,1,0,0,0,1,11,1
166,1,T,0,0,1,0,0,0,1,12,1
166,1,T,0,0,1,0,0,0,1,17,0
166,1,T,0,0,1,0,0,0,1,20,1
166,1,T,0,0,1,0,0,0,1,21,1
166,1,T,0,0,1,0,0,0,1,22,1
166,1,T,0,0,1,0,0,0,1,24,1
166,1,T,0,0,1,0,0,0,1,29,1
166,1,T,0,0,1,0,0,0,1,30,1
109,1,T,1,0,1,0,1,1,1,1,1
109,1,T,1,0,1,0,1,1,1,5,1
109,1,T,1,0,1,0,1,1,1,6,0
109,1,T,1,0,1,0,1,1,1,10,0
109,1,T,1,0,1,0,1,1,1,11,0
109,1,T,1,0,1,0,1,1,1,12,1
109,1,T,1,0,1,0,1,1,1,17,0
109,1,T,1,0,1,0,1,1,1,19,0
109,1,T,1,0,1,0,1,1,1,20,0
109,1,T,1,0,1,0,1,1,1,21,1
109,1,T,1,0,1,0,1,1,1,22,1
109,1,T,1,0,1,0,1,1,1,24,0
109,1,T,1,0,1,0,1,1,1,29,1
109,1,T,1,0,1,0,1,1,1,30,1
55,1,T,1,0,1,0,0,1,1,1,0
55,1,T,1,0,1,0,0,1,1,5,1
55,1,T,1,0,1,0,0,1,1,6,0
55,1,T,1,0,1,0,0,1,1,10,0
55,1,T,1,0,1,0,0,1,1,11,0
55,1,T,1,0,1,0,0,1,1,12,0
55,1,T,1,0,1,0,0,1,1,17,1
55,1,T,1,0,1,0,0,1,1,19,1
55,1,T,1,0,1,0,0,1,1,20,0
55,1,T,1,0,1,0,0,1,1,22,1
55,1,T,1,0,1,0,0,1,1,29,1
55,1,T,1,0,1,0,0,1,1,30,1
19,1,T,1,0,1,0,1,0,1,1,0
19,1,T,1,0,1,0,1,0,1,5,1
19,1,T,1,0,1,0,1,0,1,6,1
19,1,T,1,0,1,0,1,0,1,10,0
19,1,T,1,0,1,0,1,0,1,11,0
19,1,T,1,0,1,0,1,0,1,12,0
19,1,T,1,0,1,0,1,0,1,17,1
19,1,T,1,0,1,0,1,0,1,21,1
19,1,T,1,0,1,0,1,0,1,22,0
19,1,T,1,0,1,0,1,0,1,24,0
19,1,T,1,0,1,0,1,0,1,29,1
19,1,T,1,0,1,0,1,0,1,30,1
120,1,T,0,0,1,0,0,0,1,1,1
120,1,T,0,0,1,0,0,0,1,5,1
120,1,T,0,0,1,0,0,0,1,6,1
120,1,T,0,0,1,0,0,0,1,10,1
120,1,T,0,0,1,0,0,0,1,11,1
120,1,T,0,0,1,0,0,0,1,12,1
120,1,T,0,0,1,0,0,0,1,17,1
120,1,T,0,0,1,0,0,0,1,19,0
120,1,T,0,0,1,0,0,0,1,20,1
120,1,T,0,0,1,0,0,0,1,21,1
120,1,T,0,0,1,0,0,0,1,22,1
120,1,T,0,0,1,0,0,0,1,24,1
120,1,T,0,0,1,0,0,0,1,29,1
120,1,T,0,0,1,0,0,0,1,30,1
122,1,T,0,0,1,0,0,0,1,1,0
122,1,T,0,0,1,0,0,0,1,5,1
122,1,T,0,0,1,0,0,0,1,6,0
122,1,T,0,0,1,0,0,0,1,10,1
122,1,T,0,0,1,0,0,0,1,11,0
122,1,T,0,0,1,0,0,0,1,12,1
122,1,T,0,0,1,0,0,0,1,17,0
122,1,T,0,0,1,0,0,0,1,19,0
122,1,T,0,0,1,0,0,0,1,21,1
122,1,T,0,0,1,0,0,0,1,22,0
122,1,T,0,0,1,0,0,0,1,24,0
122,1,T,0,0,1,0,0,0,1,29,1
122,1,T,0,0,1,0,0,0,1,30,1
31,1,T,0,1,0,0,0,0,0,1,1
31,1,T,0,1,0,0,0,0,0,5,1
31,1,T,0,1,0,0,0,0,0,6,0
31,1,T,0,1,0,0,0,0,0,10,1
31,1,T,0,1,0,0,0,0,0,11,1
31,1,T,0,1,0,0,0,0,0,12,0
31,1,T,0,1,0,0,0,0,0,17,0
31,1,T,0,1,0,0,0,0,0,19,0
31,1,T,0,1,0,0,0,0,0,20,0
31,1,T,0,1,0,0,0,0,0,21,1
31,1,T,0,1,0,0,0,0,0,22,0
31,1,T,0,1,0,0,0,0,0,24,1
31,1,T,0,1,0,0,0,0,0,29,1
31,1,T,0,1,0,0,0,0,0,30,0
161,1,T,1,0,1,0,1,1,1,1,0
161,1,T,1,0,1,0,1,1,1,5,1
161,1,T,1,0,1,0,1,1,1,6,1
161,1,T,1,0,1,0,1,1,1,10,0
161,1,T,1,0,1,0,1,1,1,11,0
161,1,T,1,0,1,0,1,1,1,12,0
161,1,T,1,0,1,0,1,1,1,17,1
161,1,T,1,0,1,0,1,1,1,20,0
161,1,T,1,0,1,0,1,1,1,21,1
161,1,T,1,0,1,0,1,1,1,22,1
161,1,T,1,0,1,0,1,1,1,24,0
57,1,T,0,0,1,0,0,0,0,1,1
57,1,T,0,0,1,0,0,0,0,5,1
57,1,T,0,0,1,0,0,0,0,6,1
57,1,T,0,0,1,0,0,0,0,10,1
57,1,T,0,0,1,0,0,0,0,11,1
57,1,T,0,0,1,0,0,0,0,12,1
57,1,T,0,0,1,0,0,0,0,17,0
57,1,T,0,0,1,0,0,0,0,19,0
57,1,T,0,0,1,0,0,0,0,20,0
57,1,T,0,0,1,0,0,0,0,21,1
57,1,T,0,0,1,0,0,0,0,24,1
57,1,T,0,0,1,0,0,0,0,29,1
57,1,T,0,0,1,0,0,0,0,30,0
29,1,T,1,0,1,0,0,1,1,1,0
29,1,T,1,0,1,0,0,1,1,5,1
29,1,T,1,0,1,0,0,1,1,10,1
29,1,T,1,0,1,0,0,1,1,11,1
29,1,T,1,0,1,0,0,1,1,12,1
29,1,T,1,0,1,0,0,1,1,17,0
29,1,T,1,0,1,0,0,1,1,20,1
29,1,T,1,0,1,0,0,1,1,21,0
29,1,T,1,0,1,0,0,1,1,22,1
29,1,T,1,0,1,0,0,1,1,24,1
29,1,T,1,0,1,0,0,1,1,29,1
29,1,T,1,0,1,0,0,1,1,30,1
61,1,T,1,1,0,0,0,0,0,5,1
61,1,T,1,1,0,0,0,0,0,6,1
61,1,T,1,1,0,0,0,0,0,10,1
61,1,T,1,1,0,0,0,0,0,11,1
61,1,T,1,1,0,0,0,0,0,12,1
61,1,T,1,1,0,0,0,0,0,17,0
61,1,T,1,1,0,0,0,0,0,19,1
61,1,T,1,1,0,0,0,0,0,20,0
61,1,T,1,1,0,0,0,0,0,21,1
61,1,T,1,1,0,0,0,0,0,22,0
61,1,T,1,1,0,0,0,0,0,24,1
61,1,T,1,1,0,0,0,0,0,29,1
61,1,T,1,1,0,0,0,0,0,30,1
87,1,T,0,1,0,0,0,0,1,1,1
87,1,T,0,1,0,0,0,0,1,5,1
87,1,T,0,1,0,0,0,0,1,6,1
87,1,T,0,1,0,0,0,0,1,10,0
87,1,T,0,1,0,0,0,0,1,11,0
87,1,T,0,1,0,0,0,0,1,12,0
87,1,T,0,1,0,0,0,0,1,17,0
87,1,T,0,1,0,0,0,0,1,19,0
87,1,T,0,1,0,0,0,0,1,21,1
87,1,T,0,1,0,0,0,0,1,24,1
115,1,T,1,0,0,1,0,0,0,1,1
115,1,T,1,0,0,1,0,0,0,5,1
115,1,T,1,0,0,1,0,0,0,6,1
115,1,T,1,0,0,1,0,0,0,10,0
115,1,T,1,0,0,1,0,0,0,11,1
115,1,T,1,0,0,1,0,0,0,12,1
115,1,T,1,0,0,1,0,0,0,17,0
115,1,T,1,0,0,1,0,0,0,19,0
115,1,T,1,0,0,1,0,0,0,20,0
115,1,T,1,0,0,1,0,0,0,21,1
115,1,T,1,0,0,1,0,0,0,22,1
115,1,T,1,0,0,1,0,0,0,24,1
115,1,T,1,0,0,1,0,0,0,29,1
115,1,T,1,0,0,1,0,0,0,30,1
28,1,T,0,0,1,0,0,0,1,1,1
28,1,T,0,0,1,0,0,0,1,5,1
28,1,T,0,0,1,0,0,0,1,6,1
28,1,T,0,0,1,0,0,0,1,10,1
28,1,T,0,0,1,0,0,0,1,11,1
28,1,T,0,0,1,0,0,0,1,12,1
28,1,T,0,0,1,0,0,0,1,17,0
28,1,T,0,0,1,0,0,0,1,19,0
28,1,T,0,0,1,0,0,0,1,20,1
28,1,T,0,0,1,0,0,0,1,21,1
28,1,T,0,0,1,0,0,0,1,22,0
28,1,T,0,0,1,0,0,0,1,24,1
28,1,T,0,0,1,0,0,0,1,29,1
28,1,T,0,0,1,0,0,0,1,30,1
18,1,T,0,0,1,0,0,0,0,1,1
18,1,T,0,0,1,0,0,0,0,5,1
18,1,T,0,0,1,0,0,0,0,6,1
18,1,T,0,0,1,0,0,0,0,10,1
18,1,T,0,0,1,0,0,0,0,11,1
18,1,T,0,0,1,0,0,0,0,12,1
18,1,T,0,0,1,0,0,0,0,17,1
18,1,T,0,0,1,0,0,0,0,19,1
18,1,T,0,0,1,0,0,0,0,20,1
18,1,T,0,0,1,0,0,0,0,21,1
18,1,T,0,0,1,0,0,0,0,22,1
18,1,T,0,0,1,0,0,0,0,24,1
18,1,T,0,0,1,0,0,0,0,29,1
18,1,T,0,0,1,0,0,0,0,30,1
44,1,T,0,0,1,0,0,0,1,1,1
44,1,T,0,0,1,0,0,0,1,5,1
44,1,T,0,0,1,0,0,0,1,6,1
44,1,T,0,0,1,0,0,0,1,10,1
44,1,T,0,0,1,0,0,0,1,11,1
44,1,T,0,0,1,0,0,0,1,12,0
44,1,T,0,0,1,0,0,0,1,17,0
44,1,T,0,0,1,0,0,0,1,19,1
44,1,T,0,0,1,0,0,0,1,20,1
44,1,T,0,0,1,0,0,0,1,21,1
44,1,T,0,0,1,0,0,0,1,22,1
44,1,T,0,0,1,0,0,0,1,24,1
44,1,T,0,0,1,0,0,0,1,30,0
141,1,T,1,0,1,0,0,1,1,1,1
141,1,T,1,0,1,0,0,1,1,5,1
141,1,T,1,0,1,0,0,1,1,6,0
141,1,T,1,0,1,0,0,1,1,10,1
141,1,T,1,0,1,0,0,1,1,11,1
141,1,T,1,0,1,0,0,1,1,12,1
141,1,T,1,0,1,0,0,1,1,17,0
141,1,T,1,0,1,0,0,1,1,19,0
141,1,T,1,0,1,0,0,1,1,20,0
141,1,T,1,0,1,0,0,1,1,21,1
141,1,T,1,0,1,0,0,1,1,22,0
141,1,T,1,0,1,0,0,1,1,24,1
141,1,T,1,0,1,0,0,1,1,29,0
141,1,T,1,0,1,0,0,1,1,30,1
7,1,T,0,0,1,0,0,0,1,1,1
7,1,T,0,0,1,0,0,0,1,5,1
7,1,T,0,0,1,0,0,0,1,6,0
7,1,T,0,0,1,0,0,0,1,10,1
7,1,T,0,0,1,0,0,0,1,11,1
7,1,T,0,0,1,0,0,0,1,12,0
7,1,T,0,0,1,0,0,0,1,17,0
7,1,T,0,0,1,0,0,0,1,19,1
7,1,T,0,0,1,0,0,0,1,20,1
7,1,T,0,0,1,0,0,0,1,21,1
7,1,T,0,0,1,0,0,0,1,22,0
7,1,T,0,0,1,0,0,0,1,24,1
7,1,T,0,0,1,0,0,0,1,29,1
146,1,T,1,0,1,0,1,1,1,1,1
146,1,T,1,0,1,0,1,1,1,5,1
146,1,T,1,0,1,0,1,1,1,6,0
146,1,T,1,0,1,0,1,1,1,10,0
146,1,T,1,0,1,0,1,1,1,11,0
146,1,T,1,0,1,0,1,1,1,12,0
146,1,T,1,0,1,0,1,1,1,17,0
146,1,T,1,0,1,0,1,1,1,19,0
146,1,T,1,0,1,0,1,1,1,20,0
146,1,T,1,0,1,0,1,1,1,21,0
146,1,T,1,0,1,0,1,1,1,22,0
146,1,T,1,0,1,0,1,1,1,24,1
105,1,T,1,0,1,0,0,1,1,1,0
105,1,T,1,0,1,0,0,1,1,5,1
105,1,T,1,0,1,0,0,1,1,6,0
105,1,T,1,0,1,0,0,1,1,10,1
105,1,T,1,0,1,0,0,1,1,11,0
105,1,T,1,0,1,0,0,1,1,12,1
105,1,T,1,0,1,0,0,1,1,19,1
105,1,T,1,0,1,0,0,1,1,20,1
105,1,T,1,0,1,0,0,1,1,21,1
105,1,T,1,0,1,0,0,1,1,24,0
105,1,T,1,0,1,0,0,1,1,29,1
105,1,T,1,0,1,0,0,1,1,30,1
155,1,T,0,0,1,0,1,0,1,1,1
155,1,T,0,0,1,0,1,0,1,5,0
155,1,T,0,0,1,0,1,0,1,6,1
155,1,T,0,0,1,0,1,0,1,10,0
155,1,T,0,0,1,0,1,0,1,11,0
155,1,T,0,0,1,0,1,0,1,12,1
155,1,T,0,0,1,0,1,0,1,17,1
155,1,T,0,0,1,0,1,0,1,19,1
155,1,T,0,0,1,0,1,0,1,20,0
155,1,T,0,0,1,0,1,0,1,21,1
155,1,T,0,0,1,0,1,0,1,22,1
155,1,T,0,0,1,0,1,0,1,24,0
135,1,T,0,0,0,1,0,0,1,1,0
135,1,T,0,0,0,1,0,0,1,5,1
135,1,T,0,0,0,1,0,0,1,6,1
135,1,T,0,0,0,1,0,0,1,11,0
135,1,T,0,0,0,1,0,0,1,12,1
135,1,T,0,0,0,1,0,0,1,17,1
135,1,T,0,0,0,1,0,0,1,19,0
135,1,T,0,0,0,1,0,0,1,21,1
135,1,T,0,0,0,1,0,0,1,22,1
135,1,T,0,0,0,1,0,0,1,29,1
135,1,T,0,0,0,1,0,0,1,30,1
171,1,T,0,0,1,0,0,0,0,1,1
171,1,T,0,0,1,0,0,0,0,5,1
171,1,T,0,0,1,0,0,0,0,6,1
171,1,T,0,0,1,0,0,0,0,10,1
171,1,T,0,0,1,0,0,0,0,11,0
171,1,T,0,0,1,0,0,0,0,12,1
171,1,T,0,0,1,0,0,0,0,17,0
171,1,T,0,0,1,0,0,0,0,19,1
171,1,T,0,0,1,0,0,0,0,20,1
171,1,T,0,0,1,0,0,0,0,21,1
171,1,T,0,0,1,0,0,0,0,22,0
171,1,T,0,0,1,0,0,0,0,24,0
171,1,T,0,0,1,0,0,0,0,29,0
171,1,T,0,0,1,0,0,0,0,30,0
107,1,T,0,0,1,0,0,0,1,1,1
107,1,T,0,0,1,0,0,0,1,5,1
107,1,T,0,0,1,0,0,0,1,6,1
107,1,T,0,0,1,0,0,0,1,10,1
107,1,T,0,0,1,0,0,0,1,11,0
107,1,T,0,0,1,0,0,0,1,12,1
107,1,T,0,0,1,0,0,0,1,17,0
107,1,T,0,0,1,0,0,0,1,19,1
107,1,T,0,0,1,0,0,0,1,20,1
107,1,T,0,0,1,0,0,0,1,21,1
107,1,T,0,0,1,0,0,0,1,22,1
107,1,T,0,0,1,0,0,0,1,29,1
107,1,T,0,0,1,0,0,0,1,30,1
45,1,T,1,0,1,0,0,0,1,1,0
45,1,T,1,0,1,0,0,0,1,5,1
45,1,T,1,0,1,0,0,0,1,6,1
45,1,T,1,0,1,0,0,0,1,10,1
45,1,T,1,0,1,0,0,0,1,11,1
45,1,T,1,0,1,0,0,0,1,12,1
45,1,T,1,0,1,0,0,0,1,17,0
45,1,T,1,0,1,0,0,0,1,19,0
45,1,T,1,0,1,0,0,0,1,20,1
45,1,T,1,0,1,0,0,0,1,21,1
45,1,T,1,0,1,0,0,0,1,22,0
45,1,T,1,0,1,0,0,0,1,24,1
45,1,T,1,0,1,0,0,0,1,29,1
45,1,T,1,0,1,0,0,0,1,30,1
119,1,T,1,0,1,0,0,0,1,1,0
119,1,T,1,0,1,0,0,0,1,5,0
119,1,T,1,0,1,0,0,0,1,6,0
119,1,T,1,0,1,0,0,0,1,10,1
119,1,T,1,0,1,0,0,0,1,11,0
119,1,T,1,0,1,0,0,0,1,12,1
119,1,T,1,0,1,0,0,0,1,17,0
119,1,T,1,0,1,0,0,0,1,21,1
119,1,T,1,0,1,0,0,0,1,22,1
119,1,T,1,0,1,0,0,0,1,24,1
119,1,T,1,0,1,0,0,0,1,29,1
119,1,T,1,0,1,0,0,0,1,30,1
123,1,T,1,0,1,0,0,1,1,1,1
123,1,T,1,0,1,0,0,1,1,5,1
123,1,T,1,0,1,0,0,1,1,6,0
123,1,T,1,0,1,0,0,1,1,10,1
123,1,T,1,0,1,0,0,1,1,11,1
123,1,T,1,0,1,0,0,1,1,12,1
123,1,T,1,0,1,0,0,1,1,17,0
123,1,T,1,0,1,0,0,1,1,19,1
123,1,T,1,0,1,0,0,1,1,21,1
123,1,T,1,0,1,0,0,1,1,22,1
123,1,T,1,0,1,0,0,1,1,24,0
145,1,T,0,0,1,0,0,0,1,5,1
145,1,T,0,0,1,0,0,0,1,6,0
145,1,T,0,0,1,0,0,0,1,10,1
145,1,T,0,0,1,0,0,0,1,11,1
145,1,T,0,0,1,0,0,0,1,12,1
145,1,T,0,0,1,0,0,0,1,17,0
145,1,T,0,0,1,0,0,0,1,19,0
145,1,T,0,0,1,0,0,0,1,20,1
145,1,T,0,0,1,0,0,0,1,21,1
145,1,T,0,0,1,0,0,0,1,22,0
145,1,T,0,0,1,0,0,0,1,24,0
66,1,T,0,0,1,0,0,0,0,1,1
66,1,T,0,0,1,0,0,0,0,5,1
66,1,T,0,0,1,0,0,0,0,6,0
66,1,T,0,0,1,0,0,0,0,10,1
66,1,T,0,0,1,0,0,0,0,11,1
66,1,T,0,0,1,0,0,0,0,12,1
66,1,T,0,0,1,0,0,0,0,17,0
66,1,T,0,0,1,0,0,0,0,21,1
66,1,T,0,0,1,0,0,0,0,24,1
66,1,T,0,0,1,0,0,0,0,29,1
66,1,T,0,0,1,0,0,0,0,30,0
242,1,T,0,1,0,0,0,0,0,1,1
242,1,T,0,1,0,0,0,0,0,5,1
242,1,T,0,1,0,0,0,0,0,6,0
242,1,T,0,1,0,0,0,0,0,10,1
242,1,T,0,1,0,0,0,0,0,11,1
242,1,T,0,1,0,0,0,0,0,12,1
242,1,T,0,1,0,0,0,0,0,17,0
242,1,T,0,1,0,0,0,0,0,19,0
242,1,T,0,1,0,0,0,0,0,20,0
242,1,T,0,1,0,0,0,0,0,21,1
242,1,T,0,1,0,0,0,0,0,22,0
242,1,T,0,1,0,0,0,0,0,24,1
242,1,T,0,1,0,0,0,0,0,29,1
242,1,T,0,1,0,0,0,0,0,30,0
3,1,T,0,0,1,0,0,0,1,1,1
3,1,T,0,0,1,0,0,0,1,5,1
3,1,T,0,0,1,0,0,0,1,6,1
3,1,T,0,0,1,0,0,0,1,10,1
3,1,T,0,0,1,0,0,0,1,11,1
3,1,T,0,0,1,0,0,0,1,12,1
3,1,T,0,0,1,0,0,0,1,17,1
3,1,T,0,0,1,0,0,0,1,19,1
3,1,T,0,0,1,0,0,0,1,20,1
3,1,T,0,0,1,0,0,0,1,21,1
3,1,T,0,0,1,0,0,0,1,22,0
3,1,T,0,0,1,0,0,0,1,24,1
3,1,T,0,0,1,0,0,0,1,29,1
3,1,T,0,0,1,0,0,0,1,30,1
94,1,T,1,0,0,1,0,0,1,1,1
94,1,T,1,0,0,1,0,0,1,6,0
94,1,T,1,0,0,1,0,0,1,10,0
94,1,T,1,0,0,1,0,0,1,11,0
94,1,T,1,0,0,1,0,0,1,12,1
94,1,T,1,0,0,1,0,0,1,17,0
94,1,T,1,0,0,1,0,0,1,19,0
94,1,T,1,0,0,1,0,0,1,20,1
94,1,T,1,0,0,1,0,0,1,21,1
94,1,T,1,0,0,1,0,0,1,24,1
30,1,T,0,0,1,0,0,0,1,1,0
30,1,T,0,0,1,0,0,0,1,5,1
30,1,T,0,0,1,0,0,0,1,6,0
30,1,T,0,0,1,0,0,0,1,10,0
30,1,T,0,0,1,0,0,0,1,11,1
30,1,T,0,0,1,0,0,0,1,12,1
30,1,T,0,0,1,0,0,0,1,17,0
30,1,T,0,0,1,0,0,0,1,20,1
30,1,T,0,0,1,0,0,0,1,21,1
30,1,T,0,0,1,0,0,0,1,22,0
30,1,T,0,0,1,0,0,0,1,24,1
30,1,T,0,0,1,0,0,0,1,30,1
95,1,T,0,0,0,1,0,0,0,1,1
95,1,T,0,0,0,1,0,0,0,5,1
95,1,T,0,0,0,1,0,0,0,10,0
95,1,T,0,0,0,1,0,0,0,11,1
95,1,T,0,0,0,1,0,0,0,12,0
95,1,T,0,0,0,1,0,0,0,17,0
95,1,T,0,0,0,1,0,0,0,19,1
95,1,T,0,0,0,1,0,0,0,20,1
95,1,T,0,0,0,1,0,0,0,24,1
84,1,T,0,0,1,0,0,0,1,1,1
84,1,T,0,0,1,0,0,0,1,5,1
84,1,T,0,0,1,0,0,0,1,6,1
84,1,T,0,0,1,0,0,0,1,10,0
84,1,T,0,0,1,0,0,0,1,11,1
84,1,T,0,0,1,0,0,0,1,12,1
84,1,T,0,0,1,0,0,0,1,17,0
84,1,T,0,0,1,0,0,0,1,19,1
84,1,T,0,0,1,0,0,0,1,20,1
84,1,T,0,0,1,0,0,0,1,21,1
84,1,T,0,0,1,0,0,0,1,24,1
84,1,T,0,0,1,0,0,0,1,29,1
84,1,T,0,0,1,0,0,0,1,30,1
71,1,T,0,0,1,0,0,0,0,1,1
71,1,T,0,0,1,0,0,0,0,5,1
71,1,T,0,0,1,0,0,0,0,6,1
71,1,T,0,0,1,0,0,0,0,10,0
71,1,T,0,0,1,0,0,0,0,11,1
71,1,T,0,0,1,0,0,0,0,12,1
71,1,T,0,0,1,0,0,0,0,17,0
71,1,T,0,0,1,0,0,0,0,21,1
71,1,T,0,0,1,0,0,0,0,24,0
71,1,T,0,0,1,0,0,0,0,29,1
71,1,T,0,0,1,0,0,0,0,30,0
110,1,T,0,0,1,0,0,0,1,1,1
110,1,T,0,0,1,0,0,0,1,5,1
110,1,T,0,0,1,0,0,0,1,10,1
110,1,T,0,0,1,0,0,0,1,11,1
110,1,T,0,0,1,0,0,0,1,12,1
110,1,T,0,0,1,0,0,0,1,17,0
110,1,T,0,0,1,0,0,0,1,19,0
110,1,T,0,0,1,0,0,0,1,20,0
110,1,T,0,0,1,0,0,0,1,21,0
110,1,T,0,0,1,0,0,0,1,22,1
110,1,T,0,0,1,0,0,0,1,24,1
110,1,T,0,0,1,0,0,0,1,29,1
110,1,T,0,0,1,0,0,0,1,30,1
154,1,T,0,0,1,0,0,1,1,1,1
154,1,T,0,0,1,0,0,1,1,5,1
154,1,T,0,0,1,0,0,1,1,6,0
154,1,T,0,0,1,0,0,1,1,10,0
154,1,T,0,0,1,0,0,1,1,11,0
154,1,T,0,0,1,0,0,1,1,12,1
154,1,T,0,0,1,0,0,1,1,17,0
154,1,T,0,0,1,0,0,1,1,20,0
154,1,T,0,0,1,0,0,1,1,21,0
154,1,T,0,0,1,0,0,1,1,22,1
154,1,T,0,0,1,0,0,1,1,24,0
154,1,T,0,0,1,0,0,1,1,29,0
154,1,T,0,0,1,0,0,1,1,30,1
85,1,T,0,0,1,0,0,0,1,1,1
85,1,T,0,0,1,0,0,0,1,5,1
85,1,T,0,0,1,0,0,0,1,6,1
85,1,T,0,0,1,0,0,0,1,10,0
85,1,T,0,0,1,0,0,0,1,11,1
85,1,T,0,0,1,0,0,0,1,12,0
85,1,T,0,0,1,0,0,0,1,17,0
85,1,T,0,0,1,0,0,0,1,19,1
85,1,T,0,0,1,0,0,0,1,20,0
85,1,T,0,0,1,0,0,0,1,21,1
85,1,T,0,0,1,0,0,0,1,22,0
85,1,T,0,0,1,0,0,0,1,24,1
85,1,T,0,0,1,0,0,0,1,29,1
85,1,T,0,0,1,0,0,0,1,30,1
153,1,T,1,0,0,1,1,0,1,5,1
153,1,T,1,0,0,1,1,0,1,6,1
153,1,T,1,0,0,1,1,0,1,10,0
153,1,T,1,0,0,1,1,0,1,11,0
153,1,T,1,0,0,1,1,0,1,12,0
153,1,T,1,0,0,1,1,0,1,17,1
153,1,T,1,0,0,1,1,0,1,19,0
153,1,T,1,0,0,1,1,0,1,20,0
153,1,T,1,0,0,1,1,0,1,21,1
153,1,T,1,0,0,1,1,0,1,22,1
153,1,T,1,0,0,1,1,0,1,24,0
17,1,T,0,0,1,0,0,0,1,1,1
17,1,T,0,0,1,0,0,0,1,5,1
17,1,T,0,0,1,0,0,0,1,6,1
17,1,T,0,0,1,0,0,0,1,10,1
17,1,T,0,0,1,0,0,0,1,11,1
17,1,T,0,0,1,0,0,0,1,12,1
17,1,T,0,0,1,0,0,0,1,17,0
17,1,T,0,0,1,0,0,0,1,19,0
17,1,T,0,0,1,0,0,0,1,20,1
17,1,T,0,0,1,0,0,0,1,21,1
17,1,T,0,0,1,0,0,0,1,24,0
17,1,T,0,0,1,0,0,0,1,29,0
17,1,T,0,0,1,0,0,0,1,30,1
56,1,T,1,0,1,0,0,0,1,1,0
56,1,T,1,0,1,0,0,0,1,5,1
56,1,T,1,0,1,0,0,0,1,6,1
56,1,T,1,0,1,0,0,0,1,10,1
56,1,T,1,0,1,0,0,0,1,11,1
56,1,T,1,0,1,0,0,0,1,12,1
56,1,T,1,0,1,0,0,0,1,17,0
56,1,T,1,0,1,0,0,0,1,19,0
56,1,T,1,0,1,0,0,0,1,20,0
56,1,T,1,0,1,0,0,0,1,21,1
56,1,T,1,0,1,0,0,0,1,22,0
56,1,T,1,0,1,0,0,0,1,24,1
56,1,T,1,0,1,0,0,0,1,29,1
56,1,T,1,0,1,0,0,0,1,30,1
149,1,T,0,0,1,0,0,0,0,1,1
149,1,T,0,0,1,0,0,0,0,5,1
149,1,T,0,0,1,0,0,0,0,6,0
149,1,T,0,0,1,0,0,0,0,10,1
149,1,T,0,0,1,0,0,0,0,11,1
149,1,T,0,0,1,0,0,0,0,12,1
149,1,T,0,0,1,0,0,0,0,17,0
149,1,T,0,0,1,0,0,0,0,19,1
149,1,T,0,0,1,0,0,0,0,20,1
149,1,T,0,0,1,0,0,0,0,21,1
149,1,T,0,0,1,0,0,0,0,24,1
149,1,T,0,0,1,0,0,0,0,29,1
149,1,T,0,0,1,0,0,0,0,30,0
108,1,T,1,0,1,0,0,1,1,1,1
108,1,T,1,0,1,0,0,1,1,5,1
108,1,T,1,0,1,0,0,1,1,6,1
108,1,T,1,0,1,0,0,1,1,10,1
108,1,T,1,0,1,0,0,1,1,11,1
108,1,T,1,0,1,0,0,1,1,12,1
108,1,T,1,0,1,0,0,1,1,17,0
108,1,T,1,0,1,0,0,1,1,19,1
108,1,T,1,0,1,0,0,1,1,20,1
108,1,T,1,0,1,0,0,1,1,21,1
108,1,T,1,0,1,0,0,1,1,24,1
108,1,T,1,0,1,0,0,1,1,29,1
108,1,T,1,0,1,0,0,1,1,30,1
160,1,T,0,0,1,0,0,0,1,5,1
160,1,T,0,0,1,0,0,0,1,6,1
160,1,T,0,0,1,0,0,0,1,10,1
160,1,T,0,0,1,0,0,0,1,11,0
160,1,T,0,0,1,0,0,0,1,12,1
160,1,T,0,0,1,0,0,0,1,17,0
160,1,T,0,0,1,0,0,0,1,19,1
160,1,T,0,0,1,0,0,0,1,20,0
160,1,T,0,0,1,0,0,0,1,21,1
160,1,T,0,0,1,0,0,0,1,22,0
160,1,T,0,0,1,0,0,0,1,24,0
160,1,T,0,0,1,0,0,0,1,29,1
160,1,T,0,0,1,0,0,0,1,30,1
53,1,T,0,0,1,0,0,0,1,1,1
53,1,T,0,0,1,0,0,0,1,5,1
53,1,T,0,0,1,0,0,0,1,6,1
53,1,T,0,0,1,0,0,0,1,10,1
53,1,T,0,0,1,0,0,0,1,11,1
53,1,T,0,0,1,0,0,0,1,12,1
53,1,T,0,0,1,0,0,0,1,17,0
53,1,T,0,0,1,0,0,0,1,19,1
53,1,T,0,0,1,0,0,0,1,20,0
53,1,T,0,0,1,0,0,0,1,21,1
53,1,T,0,0,1,0,0,0,1,22,0
53,1,T,0,0,1,0,0,0,1,24,1
53,1,T,0,0,1,0,0,0,1,29,1
53,1,T,0,0,1,0,0,0,1,30,1
1,1,T,1,0,1,0,0,0,1,5,1
1,1,T,1,0,1,0,0,0,1,6,0
1,1,T,1,0,1,0,0,0,1,11,1
1,1,T,1,0,1,0,0,0,1,12,0
1,1,T,1,0,1,0,0,0,1,20,1
1,1,T,1,0,1,0,0,0,1,21,1
1,1,T,1,0,1,0,0,0,1,24,1
1,1,T,1,0,1,0,0,0,1,29,1
1,1,T,1,0,1,0,0,0,1,30,1
244,1,T,1,0,1,0,0,1,1,1,1
244,1,T,1,0,1,0,0,1,1,5,1
244,1,T,1,0,1,0,0,1,1,6,1
244,1,T,1,0,1,0,0,1,1,10,1
244,1,T,1,0,1,0,0,1,1,11,1
244,1,T,1,0,1,0,0,1,1,12,0
244,1,T,1,0,1,0,0,1,1,17,1
244,1,T,1,0,1,0,0,1,1,19,0
244,1,T,1,0,1,0,0,1,1,21,1
244,1,T,1,0,1,0,0,1,1,22,1
244,1,T,1,0,1,0,0,1,1,29,1
244,1,T,1,0,1,0,0,1,1,30,0
106,1,T,0,0,0,1,0,0,0,1,1
106,1,T,0,0,0,1,0,0,0,5,1
106,1,T,0,0,0,1,0,0,0,6,0
106,1,T,0,0,0,1,0,0,0,10,1
106,1,T,0,0,0,1,0,0,0,11,1
106,1,T,0,0,0,1,0,0,0,12,1
106,1,T,0,0,0,1,0,0,0,17,1
106,1,T,0,0,0,1,0,0,0,19,0
106,1,T,0,0,0,1,0,0,0,20,1
106,1,T,0,0,0,1,0,0,0,21,1
106,1,T,0,0,0,1,0,0,0,24,1
106,1,T,0,0,0,1,0,0,0,29,1
106,1,T,0,0,0,1,0,0,0,30,1
83,1,T,1,0,1,0,1,1,1,1,1
83,1,T,1,0,1,0,1,1,1,5,1
83,1,T,1,0,1,0,1,1,1,6,0
83,1,T,1,0,1,0,1,1,1,10,0
83,1,T,1,0,1,0,1,1,1,11,0
83,1,T,1,0,1,0,1,1,1,12,0
83,1,T,1,0,1,0,1,1,1,17,1
83,1,T,1,0,1,0,1,1,1,19,0
83,1,T,1,0,1,0,1,1,1,20,0
83,1,T,1,0,1,0,1,1,1,21,0
83,1,T,1,0,1,0,1,1,1,22,0
83,1,T,1,0,1,0,1,1,1,24,0
137,1,T,1,0,1,0,0,1,1,1,1
137,1,T,1,0,1,0,0,1,1,5,1
137,1,T,1,0,1,0,0,1,1,6,1
137,1,T,1,0,1,0,0,1,1,10,0
137,1,T,1,0,1,0,0,1,1,11,1
137,1,T,1,0,1,0,0,1,1,12,1
137,1,T,1,0,1,0,0,1,1,17,1
137,1,T,1,0,1,0,0,1,1,19,1
137,1,T,1,0,1,0,0,1,1,20,0
137,1,T,1,0,1,0,0,1,1,21,1
137,1,T,1,0,1,0,0,1,1,22,0
137,1,T,1,0,1,0,0,1,1,24,1
137,1,T,1,0,1,0,0,1,1,29,1
137,1,T,1,0,1,0,0,1,1,30,1
121,1,T,1,0,1,0,0,1,1,1,1
121,1,T,1,0,1,0,0,1,1,5,1
121,1,T,1,0,1,0,0,1,1,6,0
121,1,T,1,0,1,0,0,1,1,10,0
121,1,T,1,0,1,0,0,1,1,11,1
121,1,T,1,0,1,0,0,1,1,12,0
121,1,T,1,0,1,0,0,1,1,17,0
121,1,T,1,0,1,0,0,1,1,19,1
121,1,T,1,0,1,0,0,1,1,20,0
121,1,T,1,0,1,0,0,1,1,21,1
121,1,T,1,0,1,0,0,1,1,22,0
121,1,T,1,0,1,0,0,1,1,24,1
121,1,T,1,0,1,0,0,1,1,29,1
121,1,T,1,0,1,0,0,1,1,30,1
124,1,T,0,0,1,0,0,0,1,5,0
124,1,T,0,0,1,0,0,0,1,6,0
124,1,T,0,0,1,0,0,0,1,10,1
124,1,T,0,0,1,0,0,0,1,11,1
124,1,T,0,0,1,0,0,0,1,12,1
124,1,T,0,0,1,0,0,0,1,17,0
124,1,T,0,0,1,0,0,0,1,19,1
124,1,T,0,0,1,0,0,0,1,20,0
124,1,T,0,0,1,0,0,0,1,21,1
124,1,T,0,0,1,0,0,0,1,22,0
124,1,T,0,0,1,0,0,0,1,24,1
67,1,T,1,0,1,0,0,0,1,1,0
67,1,T,1,0,1,0,0,0,1,5,1
67,1,T,1,0,1,0,0,0,1,6,1
67,1,T,1,0,1,0,0,0,1,10,1
67,1,T,1,0,1,0,0,0,1,11,1
67,1,T,1,0,1,0,0,0,1,12,1
67,1,T,1,0,1,0,0,0,1,17,0
67,1,T,1,0,1,0,0,0,1,19,1
67,1,T,1,0,1,0,0,0,1,20,1
67,1,T,1,0,1,0,0,0,1,21,1
67,1,T,1,0,1,0,0,0,1,22,0
67,1,T,1,0,1,0,0,0,1,24,1
67,1,T,1,0,1,0,0,0,1,29,1
67,1,T,1,0,1,0,0,0,1,30,0
26,1,T,1,0,0,1,0,0,1,5,1
26,1,T,1,0,0,1,0,0,1,6,1
26,1,T,1,0,0,1,0,0,1,10,1
26,1,T,1,0,0,1,0,0,1,11,0
26,1,T,1,0,0,1,0,0,1,12,1
26,1,T,1,0,0,1,0,0,1,17,0
26,1,T,1,0,0,1,0,0,1,19,0
26,1,T,1,0,0,1,0,0,1,20,0
26,1,T,1,0,0,1,0,0,1,21,1
26,1,T,1,0,0,1,0,0,1,22,0
26,1,T,1,0,0,1,0,0,1,24,1
26,1,T,1,0,0,1,0,0,1,29,1
26,1,T,1,0,0,1,0,0,1,30,1
2,1,T,0,0,0,1,0,0,1,1,1
2,1,T,0,0,0,1,0,0,1,5,1
2,1,T,0,0,0,1,0,0,1,6,0
2,1,T,0,0,0,1,0,0,1,10,0
2,1,T,0,0,0,1,0,0,1,11,1
2,1,T,0,0,0,1,0,0,1,12,1
2,1,T,0,0,0,1,0,0,1,17,1
2,1,T,0,0,0,1,0,0,1,19,0
2,1,T,0,0,0,1,0,0,1,20,1
2,1,T,0,0,0,1,0,0,1,21,1
2,1,T,0,0,0,1,0,0,1,22,0
2,1,T,0,0,0,1,0,0,1,24,1
2,1,T,0,0,0,1,0,0,1,30,1
60,1,T,0,0,1,0,0,0,1,1,1
60,1,T,0,0,1,0,0,0,1,5,1
60,1,T,0,0,1,0,0,0,1,10,1
60,1,T,0,0,1,0,0,0,1,11,0
60,1,T,0,0,1,0,0,0,1,12,1
60,1,T,0,0,1,0,0,0,1,17,0
60,1,T,0,0,1,0,0,0,1,21,1
60,1,T,0,0,1,0,0,0,1,24,1
60,1,T,0,0,1,0,0,0,1,29,0
60,1,T,0,0,1,0,0,0,1,30,0
148,1,T,1,0,1,0,0,0,0,1,1
148,1,T,1,0,1,0,0,0,0,5,1
148,1,T,1,0,1,0,0,0,0,6,0
148,1,T,1,0,1,0,0,0,0,10,1
148,1,T,1,0,1,0,0,0,0,11,1
148,1,T,1,0,1,0,0,0,0,12,1
148,1,T,1,0,1,0,0,0,0,17,0
148,1,T,1,0,1,0,0,0,0,19,0
148,1,T,1,0,1,0,0,0,0,20,1
148,1,T,1,0,1,0,0,0,0,24,1
148,1,T,1,0,1,0,0,0,0,29,1
148,1,T,1,0,1,0,0,0,0,30,1
16,1,T,1,0,1,0,0,1,1,1,1
16,1,T,1,0,1,0,0,1,1,5,1
16,1,T,1,0,1,0,0,1,1,6,0
16,1,T,1,0,1,0,0,1,1,10,1
16,1,T,1,0,1,0,0,1,1,11,1
16,1,T,1,0,1,0,0,1,1,12,1
16,1,T,1,0,1,0,0,1,1,17,0
16,1,T,1,0,1,0,0,1,1,19,0
16,1,T,1,0,1,0,0,1,1,20,1
16,1,T,1,0,1,0,0,1,1,21,1
16,1,T,1,0,1,0,0,1,1,22,1
16,1,T,1,0,1,0,0,1,1,24,1
16,1,T,1,0,1,0,0,1,1,29,0
16,1,T,1,0,1,0,0,1,1,30,1
165,1,T,1,0,1,0,1,1,1,1,1
165,1,T,1,0,1,0,1,1,1,5,1
165,1,T,1,0,1,0,1,1,1,6,0
165,1,T,1,0,1,0,1,1,1,10,1
165,1,T,1,0,1,0,1,1,1,11,1
165,1,T,1,0,1,0,1,1,1,12,0
165,1,T,1,0,1,0,1,1,1,17,1
165,1,T,1,0,1,0,1,1,1,19,1
165,1,T,1,0,1,0,1,1,1,20,0
165,1,T,1,0,1,0,1,1,1,21,1
165,1,T,1,0,1,0,1,1,1,22,0
165,1,T,1,0,1,0,1,1,1,24,0
165,1,T,1,0,1,0,1,1,1,29,1
165,1,T,1,0,1,0,1,1,1,30,1
79,1,T,0,0,1,0,0,0,1,1,1
79,1,T,0,0,1,0,0,0,1,5,1
79,1,T,0,0,1,0,0,0,1,6,0
79,1,T,0,0,1,0,0,0,1,10,1
79,1,T,0,0,1,0,0,0,1,11,1
79,1,T,0,0,1,0,0,0,1,12,1
79,1,T,0,0,1,0,0,0,1,17,0
79,1,T,0,0,1,0,0,0,1,19,0
79,1,T,0,0,1,0,0,0,1,20,1
79,1,T,0,0,1,0,0,0,1,21,1
79,1,T,0,0,1,0,0,0,1,22,0
79,1,T,0,0,1,0,0,0,1,24,1
79,1,T,0,0,1,0,0,0,1,30,1
142,1,T,1,0,1,0,0,0,0,1,1
142,1,T,1,0,1,0,0,0,0,5,1
142,1,T,1,0,1,0,0,0,0,6,1
142,1,T,1,0,1,0,0,0,0,10,1
142,1,T,1,0,1,0,0,0,0,11,1
142,1,T,1,0,1,0,0,0,0,12,1
142,1,T,1,0,1,0,0,0,0,17,0
142,1,T,1,0,1,0,0,0,0,19,1
142,1,T,1,0,1,0,0,0,0,20,0
142,1,T,1,0,1,0,0,0,0,21,1
142,1,T,1,0,1,0,0,0,0,22,0
142,1,T,1,0,1,0,0,0,0,24,1
142,1,T,1,0,1,0,0,0,0,29,1
142,1,T,1,0,1,0,0,0,0,30,1
21,1,T,0,1,0,0,0,0,1,1,1
21,1,T,0,1,0,0,0,0,1,5,1
21,1,T,0,1,0,0,0,0,1,6,1
21,1,T,0,1,0,0,0,0,1,10,0
21,1,T,0,1,0,0,0,0,1,11,0
21,1,T,0,1,0,0,0,0,1,12,1
21,1,T,0,1,0,0,0,0,1,17,1
21,1,T,0,1,0,0,0,0,1,19,0
21,1,T,0,1,0,0,0,0,1,20,0
21,1,T,0,1,0,0,0,0,1,21,1
21,1,T,0,1,0,0,0,0,1,22,0
21,1,T,0,1,0,0,0,0,1,24,0
21,1,T,0,1,0,0,0,0,1,29,1
21,1,T,0,1,0,0,0,0,1,30,0
52,1,T,1,0,1,0,0,1,1,1,1
52,1,T,1,0,1,0,0,1,1,5,1
52,1,T,1,0,1,0,0,1,1,6,0
52,1,T,1,0,1,0,0,1,1,11,1
52,1,T,1,0,1,0,0,1,1,12,1
52,1,T,1,0,1,0,0,1,1,17,0
52,1,T,1,0,1,0,0,1,1,20,1
52,1,T,1,0,1,0,0,1,1,21,1
52,1,T,1,0,1,0,0,1,1,22,0
52,1,T,1,0,1,0,0,1,1,24,1
52,1,T,1,0,1,0,0,1,1,29,1
52,1,T,1,0,1,0,0,1,1,30,1
37,1,T,0,0,1,0,0,0,1,1,0
37,1,T,0,0,1,0,0,0,1,5,1
37,1,T,0,0,1,0,0,0,1,10,1
37,1,T,0,0,1,0,0,0,1,11,1
37,1,T,0,0,1,0,0,0,1,12,1
37,1,T,0,0,1,0,0,0,1,17,0
37,1,T,0,0,1,0,0,0,1,19,0
37,1,T,0,0,1,0,0,0,1,20,0
37,1,T,0,0,1,0,0,0,1,21,1
37,1,T,0,0,1,0,0,0,1,22,0
37,1,T,0,0,1,0,0,0,1,24,1
37,1,T,0,0,1,0,0,0,1,29,1
37,1,T,0,0,1,0,0,0,1,30,1
101,1,T,1,0,0,1,1,1,1,1,0
101,1,T,1,0,0,1,1,1,1,5,1
101,1,T,1,0,0,1,1,1,1,6,0
101,1,T,1,0,0,1,1,1,1,10,0
101,1,T,1,0,0,1,1,1,1,11,1
101,1,T,1,0,0,1,1,1,1,12,1
101,1,T,1,0,0,1,1,1,1,17,0
101,1,T,1,0,0,1,1,1,1,19,0
101,1,T,1,0,0,1,1,1,1,20,0
101,1,T,1,0,0,1,1,1,1,21,1
101,1,T,1,0,0,1,1,1,1,22,1
101,1,T,1,0,0,1,1,1,1,24,1
101,1,T,1,0,0,1,1,1,1,29,1
101,1,T,1,0,0,1,1,1,1,30,1
307,1,T,1,0,1,0,1,1,1,1,1
307,1,T,1,0,1,0,1,1,1,5,1
307,1,T,1,0,1,0,1,1,1,6,1
307,1,T,1,0,1,0,1,1,1,10,0
307,1,T,1,0,1,0,1,1,1,11,0
307,1,T,1,0,1,0,1,1,1,12,1
307,1,T,1,0,1,0,1,1,1,17,0
307,1,T,1,0,1,0,1,1,1,19,0
307,1,T,1,0,1,0,1,1,1,22,1
307,1,T,1,0,1,0,1,1,1,29,1
307,1,T,1,0,1,0,1,1,1,30,1
